Attack_Day,Baseline_CR,CR_Omega_30,CR_Omega_40,CR_Omega_50
0,-0.3778986729705246,-0.3778986729705246,-0.3778986729705246,-0.3778986729705246
1,-0.3778986729705246,-0.3778986729705246,-0.3778986729705246,-0.3778986729705246
2,-0.3778986729705246,-0.3778986729705246,-0.3778986729705246,-0.3778986729705246
3,-0.3778986729705246,-0.3778986729705246,-0.3778986729705246,-0.3778986729705246
4,-0.3778986729705246,-0.3778986729705246,-0.3778986729705246,-0.3778986729705246
5,-0.3778986729705246,-0.3778986729705246,-0.3778986729705246,-0.3778986729705246
6,-0.3778986729705246,-0.3778986729705246,-0.3778986729705246,-0.3778986729705246
7,-0.3778986729705246,-0.3778986729705246,-0.3778986729705246,-0.3778986729705246
8,-0.3778986729705246,-0.10129331512677708,-0.10129331512677708,-0.10129331512677708
9,-0.3778986729705246,-0.10129331512677708,-0.10129331512677708,-0.10129331512677708
10,-0.3778986729705246,-0.1012933151267771,-0.1012933151267771,-0.1012933151267771
11,-0.3778986729705246,-0.1012933151267771,-0.1012933151267771,-0.1012933151267771
12,-0.3778986729705246,-0.10129331512677708,-0.10129331512677708,-0.10129331512677708
13,-0.3778986729705246,-0.10129331512677708,-0.10129331512677708,-0.10129331512677708
14,-0.3778986729705246,-0.10129331512677708,-0.10129331512677708,-0.10129331512677708
15,-0.3778986729705246,-0.10129331512677708,-0.10129331512677708,-0.10129331512677708
16,-0.3778986729705246,-0.10129331512677708,-0.10129331512677708,-0.10129331512677708
17,-0.3778986729705246,-0.10129331512677708,-0.10129331512677708,-0.10129331512677708
18,-0.3778986729705246,-0.10129327810043609,-0.10129327810043609,-0.10129327810043609
19,-0.3778986729705246,-0.10129327810043609,-0.10129327810043609,-0.10129327810043609
20,-0.3778986729705246,-0.10129327810043609,-0.52433261758787,-0.52433261758787
21,-0.3778986729705246,-0.10129327810043609,-0.52433261758787,-0.52433261758787
22,-0.3778986729705246,-0.10129327810043609,-0.52433261758787,-0.52433261758787
23,-0.3778986729705246,-0.10129327810043609,-0.52433261758787,-0.52433261758787
24,-0.3778986729705246,-0.10129327810043609,-0.52433261758787,-0.52433261758787
25,-0.3778986729705246,-0.10129326548407158,-0.5048533256122731,-0.5048533256122731
26,-0.3778986729705246,-0.10129326548407158,-0.5048533256122731,-0.5048533256122731
27,-0.3778986729705246,-0.10129326548407158,-0.5048533256122731,-0.5048533256122731
28,-0.3778986729705246,-0.10129326548407158,-0.5048533256122731,-0.5048533256122731
29,-0.3778986729705246,-0.10129326548407158,-0.5048533256122731,-0.5048533256122731
30,-0.3778986729705246,-0.10129326548407158,-0.5048533256122731,-0.6464750995360364
31,-0.3778986729705246,-0.10129326548407158,-0.5048533256122731,-0.642907449120503
32,-0.3778986729705246,-0.10129326548407158,-0.5048533256122731,-0.6464037465277259
33,-0.3778986729705246,-0.10129322228671978,-0.5048533256122731,-0.6499699698830932
34,-0.3778986729705246,-0.10129318526057418,-0.5048533236143147,-0.6536075656791669
35,-0.3778986729705246,-0.10129318526057418,-0.5048533236143147,-0.6573178644580909
36,-0.3778986729705246,-0.10129318526057418,-0.5048533236143147,-0.6611023692125935
37,-0.3778986729705246,-0.10129318526057418,-0.5048533236143147,-0.6649625640621862
38,-0.3778986729705246,-0.10129318526057418,-0.5048533236143147,-0.6610251653156017
39,-0.3778986729705246,-0.10129318526057418,-0.5048533236143147,-0.6507803702814492
40,-0.3778986729705246,-0.10129318526057418,-0.5048533236143147,-0.6544341251524189
41,-0.3778986729705246,-0.10129318526057418,-0.5048533236143147,-0.6581609551208081
42,-0.3778986729705246,-0.10129318526057418,-0.5048533236143147,-0.6733356689085903
43,-0.3778986729705246,-0.10129318526057418,-0.5048533236143147,-0.6774405297521029
44,-0.3778986729705246,-0.10129318526057418,-0.5048533236143147,-0.6816274878124858
45,-0.3778986729705246,-0.10129318526057418,-0.5048533236143147,-0.6858981850340764
46,-0.3778986729705246,-0.10129318526057418,-0.5048533236143147,-0.7231445657052539
47,-0.3778986729705246,-0.10129318526057418,-0.5048533236143147,-0.718043526925808
48,-0.3778986729705246,-0.10129318526057418,-0.5048533236143147,-0.7616000132981277
49,-0.3778986729705246,-0.10129318526057418,-0.5048533236143147,-0.767470161029431
50,-0.3778986729705246,-0.10129318526057418,-0.5048533236143147,-0.7734577117153604
51,-0.3778986729705246,-0.10129318526057418,-0.5059386648537957,-0.7673504100157125
52,-0.3778986729705246,-0.10129318526057418,-0.5059603716785852,-0.7733355656813676
53,-0.3778986729705246,-0.10129318526057417,-0.5059825126398707,-0.7794404244603357
54,-0.3778986729705246,-0.10129318526057418,-0.5059599288593596,-0.7732134685057882
55,-0.3778986729705246,-0.10129318526057417,-0.46665635448469023,-0.7278296094005632
56,-0.3778986729705246,-0.10129318526057418,-0.4674202938672827,-0.722634869747211
57,-0.3778986729705246,-0.10129318526057418,-0.42890322476936277,-0.6782782951940656
58,-0.3778986729705246,-0.10129318526057418,-0.43042222674626185,-0.6740745818248434
59,-0.3778986729705246,-0.10129318526057418,-0.3926608252826395,-0.6307049193220222
60,-0.3778986729705246,-0.10129318526057418,-0.430451999185009,-0.6739921890428066
61,-0.3778986729705246,-0.10129318526057418,-0.4289639738856739,-0.6781102184240562
62,-0.3778986729705246,-0.10129318526057418,-0.4304817609040318,-0.7151102177196451
63,-0.3778986729705246,-0.10129318526057418,-0.3927505625197562,-0.6709512370003461
64,-0.3778986729705246,-0.10129318526057417,-0.39050850727408,-0.6750084084429928
65,-0.3778986729705246,-0.10129315704269504,-0.3882216121129824,-0.679146761449261
66,-0.3778986729705246,-0.10129315704269504,-0.42750810138201545,-0.7249869661648252
67,-0.3778986729705246,-0.10129315704269504,-0.42905500587423634,-0.7198490809015842
68,-0.3778986729705246,-0.10129315704269504,-0.4305709722766127,-0.714813953343608
69,-0.3778986729705246,-0.10129315704269504,-0.43205663460222377,-0.7394343057257533
70,-0.3778986729705246,-0.10129315704269504,-0.43351256732115945,-0.7345247564181648
71,-0.3778986729705246,-0.10129315704269504,-0.39731899006732485,-0.6920930067783367
72,-0.3778986729705246,-0.10129315704269504,-0.39946967567695835,-0.6881302834496966
73,-0.3778986729705246,-0.10129311384539208,-0.3973620037795174,-0.6920137523117639
74,-0.3778986729705246,-0.10129311384539208,-0.39951182911490724,-0.6880526140724552
75,-0.3778986729705246,-0.10129311384539208,-0.43499530131082453,-0.7295248305715769
76,-0.3778986729705246,-0.10129311384539208,-0.43359814192606105,-0.7342361903760819
77,-0.3778986729705246,-0.10129311384539208,-0.4350232444985199,-0.7294306033754867
78,-0.3778986729705246,-0.10129311384539208,-0.39959608541342395,-0.6878973685087979
79,-0.3778986729705246,-0.10129311384539208,-0.3974909417107123,-0.6917761790720472
80,-0.3778986729705246,-0.1712712795654151,-0.4228515877447583,-0.7232404419581643
81,-0.3778986729705246,-0.1712712795654151,-0.42121155406692096,-0.7278261142986325
82,-0.3778986729705246,-0.1712712795654151,-0.4195387197155268,-0.7325035000859101
83,-0.3778986729705246,-0.1712712795654151,-0.4573440663462286,-0.7767860712580572
84,-0.3778986729705246,-0.13643163537478764,-0.4563938833282717,-0.7824426407732522
85,-0.3778986729705246,-0.13643163537478764,-0.4573630711161958,-0.7766729241482566
86,-0.3778986729705246,-0.13643163537478764,-0.4583128751483614,-0.771018601855761
87,-0.3778986729705246,-0.13643163537478764,-0.4213118850731842,-0.7275455679824159
88,-0.3778986729705246,-0.13643163537478764,-0.4196410573201584,-0.7322173431515946
89,-0.3778986729705246,-0.13643163537478764,-0.4213453016282447,-0.7274521324790322
90,-0.3778986729705246,-0.13643163537478764,-0.3927435114837653,-0.6896499207929312
91,-0.3778986729705246,-0.13643163537478764,-0.3949857067085796,-0.6857360585675422
92,-0.3778986729705246,-0.13643163537478764,-0.3971830580288974,-0.6819004735866607
93,-0.3778986729705246,-0.13643162285342447,-0.39502966967935893,-0.6856593314569664
94,-0.3778986729705246,-0.13643162285342447,-0.3972261420591488,-0.6818252807100774
95,-0.3778986729705246,-0.13643162285342447,-0.39937868499134277,-0.6780679109781261
96,-0.3778986729705246,-0.13643162285342447,-0.364583040925042,-0.6635464460021187
97,-0.3778986729705246,-0.16871709780812616,-0.38712541057741934,-0.6605210448530519
98,-0.3778986729705246,-0.16871709780812616,-0.3529843523945033,-0.579528013157375
99,-0.3778986729705246,-0.09686121597702402,-0.2846380530743733,-0.5118563793123103
100,-0.3778986729705246,-0.0968629489574998,-0.28813604568627493,-0.5098227183283998
101,-0.3778986729705246,-0.09686464727836608,-0.29156407844593846,-0.5078297305641674
102,-0.3778986729705246,-0.09686298292391715,-0.2882046063414683,-0.509782858573115
103,-0.3778986729705246,-0.09686128528237925,-0.2847779447949086,-0.5117750491422416
104,-0.3778986729705246,-0.09685955368801058,-0.28128275001741776,-0.5138070835227506
105,-0.3778986729705246,-0.09685778746175455,-0.2533332713992327,-0.47261736077656186
106,-0.3778986729705246,-0.09685598591097344,-0.24920918315382834,-0.47386624138975725
107,-0.3778986729705246,-0.09685782349277017,-0.2534157531641408,-0.47259238316429786
108,-0.3778986729705246,-0.0968560226626094,-0.24929331455403458,-0.4738407642252481
109,-0.3778986729705246,-0.09685418581584537,-0.2450884271717263,-0.47511411290741734
110,-0.3778986729705246,-0.09685605939954467,-0.24937741230168076,-0.47381529725160465
111,-0.3778986729705246,-0.09685422328751914,-0.24517420687432523,-0.4750881365943008
112,-0.3778986729705246,-0.09685235045325324,-0.2408869373384228,-0.4763864327238513
113,-0.3778986729705246,-0.09685422362375629,-0.24525996581679943,-0.4750621756500655
114,-0.3778986729705246,-0.09685609570888853,-0.24954552044488776,-0.47376439883896704
115,-0.3778986729705246,-0.09685793035231804,-0.25374536398041414,-0.4724925775640906
116,-0.3778986729705246,-0.09685613240175726,-0.24962951731559835,-0.4737389624134696
117,-0.3778986729705246,-0.09685429849218508,-0.24543135371748614,-0.47501027495983617
118,-0.3778986729705246,-0.0968524279044215,-0.2411492268474117,-0.47630701375713014
119,-0.3778986729705246,-0.09685051990490268,-0.23678145743993573,-0.4776296873303698
120,-0.3778986729705246,-0.09685246606441178,-0.27542840637446275,-0.5220808881052268
121,-0.3778986729705246,-0.09685055882809268,-0.23687055993584827,-0.47760270478947575
122,-0.3778986729705246,-0.09684861344704732,-0.23241721719014108,-0.4789512921833625
123,-0.3778986729705246,-0.0968505977357138,-0.23695962679076255,-0.4917200827709092
124,-0.3778986729705246,-0.30307551379708486,-0.3429093684715201,-0.5160196853311744
125,-0.3778986729705246,-0.29816468738237745,-0.33838943535080956,-0.5177990025624865
126,-0.3778986729705246,-0.3031737303253792,-0.34299976713393443,-0.5159840989865484
127,-0.3778986729705246,-0.29826479476159495,-0.33848163692102884,-0.5177627255182635
128,-0.3778986729705246,-0.3032718340874194,-0.3430901245714404,-0.5159485479037558
129,-0.3778986729705246,-0.2660062438831682,-0.3054339537252845,-0.47199816509797876
130,-0.3778986729705246,-0.26035403353977515,-0.300164512410958,-0.4728970515040809
131,-0.3778986729705246,-0.2545887789895145,-0.2947896822703452,-0.4738139156383052
132,-0.3778986729705246,-0.2604693386307805,-0.3002720090137704,-0.4728787142213966
133,-0.3778986729705246,-0.2672001369341518,-0.2919057544398702,-0.5213172269557833
134,-0.3778986729705246,-0.26265244786737885,-0.2874342225192411,-0.5229870134109296
135,-0.3778986729705246,-0.2672910907154872,-0.2919951850782827,-0.5212838312266803
136,-0.3778986729705246,-0.2718369607066333,-0.29646492838614347,-0.5196147126861159
137,-0.3778986729705246,-0.27629191329795666,-0.3008452768278471,-0.5179789765163629
138,-0.3778986729705246,-0.28065776683745347,-0.30513801830071663,-0.5163759550700049
139,-0.3778986729705246,-0.24284809209109126,-0.2672566937290597,-0.5179469160874357
140,-0.3778986729705246,-0.24788282205472545,-0.27222120686390505,-0.5163445358496563
141,-0.3778986729705246,-0.24294878669036402,-0.26735598399175664,-0.5179148684826802
142,-0.3778986729705246,-0.28082876866390194,-0.3053062879778017,-0.5624289410811836
143,-0.3778986729705246,-0.24304933560778885,-0.2674552624047901,-0.5178823628885965
144,-0.3778986729705246,-0.2051842948596242,-0.22952019426221348,-0.47338513747958344
145,-0.3778986729705246,-0.19939629316755236,-0.22380095002337097,-0.42892042188821455
146,-0.3778986729705246,-0.19349250129809326,-0.21796734523445904,-0.4287418007844994
147,-0.3778986729705246,-0.23299185889624552,-0.2575382380869511,-0.47408130293195705
148,-0.3778986729705246,-0.238223708704714,-0.26269712193599304,-0.4733562053001341
149,-0.3778986729705246,-0.2433509215170131,-0.2677528281080541,-0.4726456096209475
150,-0.3778986729705246,-0.23832625296095988,-0.2627982360594341,-0.47334199338655014
151,-0.3778986729705246,-0.24345141488813404,-0.26785191994902635,-0.4726316819456353
152,-0.3778986729705246,-0.24847407357676476,-0.27280453016082684,-0.4719355767335389
153,-0.3778986729705246,-0.253396279091623,-0.27765808816839144,-0.47125339362568447
154,-0.3778986729705246,-0.2582200404961841,-0.3097507849250938,-0.4750185814001427
155,-0.3778986729705246,-0.26294732667265386,-0.31372356278915037,-0.47493192704644643
156,-0.3778986729705246,-0.2978168902753918,-0.3493325445380533,-0.514519152368747
157,-0.3778986729705246,-0.29388154109450626,-0.3461514018662559,-0.5153958181418151
158,-0.3778986729705246,-0.2898674849300029,-0.3429066363410226,-0.5162900172303446
159,-0.3778986729705246,-0.29788497263696256,-0.3517088005000376,-0.5293139252953978
160,-0.3778986729705246,-0.3018189601706168,-0.3548424180525953,-0.5281413640637965
161,-0.3778986729705246,-0.30567426795359787,-0.35791336325410184,-0.5269922540568274
162,-0.3778986729705246,-0.31564710749602554,-0.36865487812637465,-0.5418694230334065
163,-0.3778986729705246,-0.35230505307393734,-0.3679897903164949,-0.5434348616916073
164,-0.3778986729705246,-0.34865473334073493,-0.3651392003964634,-0.5448870063016958
165,-0.3778986729705246,-0.35237805946860135,-0.3680468021148956,-0.5434058187994055
166,-0.3778986729705246,-0.3487291998632922,-0.36519735243083207,-0.54485738255165
167,-0.3778986729705246,-0.35245103666070743,-0.3681037911085768,-0.5433767875243604
168,-0.3778986729705246,-0.3488036365992404,-0.3652554812043869,-0.5448277706511041
169,-0.3778986729705246,-0.3525239846619368,-0.36816075730666065,-0.5433477678618256
170,-0.3778986729705246,-0.35616992576337925,-0.37100792788688886,-0.5418973337545974
171,-0.3778986729705246,-0.35974294804279283,-0.3737981550555125,-0.5404759414734883
172,-0.3778986729705246,-0.3562413862089675,-0.37106373243026125,-0.5418689059089751
173,-0.3778986729705246,-0.3526697931384658,-0.3682746213525051,-0.5432897296331717
174,-0.3778986729705246,-0.34827080580727865,-0.35773014772972156,-0.533021920632883
175,-0.3778986729705246,-0.35200181048581414,-0.36078593050148855,-0.5317780366142082
176,-0.3778986729705246,-0.355658195070779,-0.3637805976178202,-0.5305590302759069
177,-0.3778986729705246,-0.35924145196404456,-0.3667153713918253,-0.5293644040643717
178,-0.3778986729705246,-0.38941894928860743,-0.3975284477928064,-0.5642242758613312
179,-0.3778986729705246,-0.392326990606939,-0.39978826538512513,-0.562356345228104
180,-0.3778986729705246,-0.3951768710989038,-0.40200288662559747,-0.5605257732075412
181,-0.3778986729705246,-0.3979697539810295,-0.4041732154412604,-0.5587318126273896
182,-0.3778986729705246,-0.39523272875654647,-0.40204629320191076,-0.5604898939959382
183,-0.3778986729705246,-0.39802449448551913,-0.40421575388604736,-0.5586966510000186
184,-0.3778986729705246,-0.40076042489991237,-0.4063418253565012,-0.5569392728640175
185,-0.3778986729705246,-0.43288144934468753,-0.43906051156633696,-0.5552170422907364
186,-0.3778986729705246,-0.40081404913603447,-0.40638349635732207,-0.519423064803058
187,-0.3778986729705246,-0.39813390981465147,-0.45722998167742457,-0.5236723166413165
188,-0.3778986729705246,-0.4245716997572253,-0.4592991362047769,-0.5225557577239374
189,-0.3778986729705246,-0.42677668606618446,-0.46132690764158224,-0.5214615299849058
190,-0.3778986729705246,-0.42461579948340444,-0.45933969163351307,-0.48631027477102196
191,-0.3778986729705246,-0.4224116951689688,-0.4573127313052825,-0.48667959285099516
192,-0.3778986729705246,-0.4201635087682445,-0.45524523177048726,-0.45084718833379234
193,-0.3778986729705246,-0.42245665889698325,-0.4573540812959783,-0.4511871319825637
194,-0.3778986729705246,-0.4202093369187567,-0.4552873919635475,-0.4508539872067677
195,-0.3778986729705246,-0.4225015697874439,-0.45739539794922834,-0.45119379487807953
196,-0.3778986729705246,-0.38932061681027585,-0.42403390262671403,-0.41609946520748353
197,-0.3778986729705246,-0.39223062408113285,-0.4267669783991317,-0.41713436331878107
198,-0.3778986729705246,-0.3893788169556931,-0.42408856414216245,-0.41612016316970946
199,-0.3778986729705246,-0.3864699736877445,-0.42135658160005385,-0.4150856790176565
200,-0.3778986729705246,-0.3634074979380447,-0.41857000694466745,-0.42970345835428875
201,-0.3778986729705246,-0.36660987981973214,-0.4214123613910911,-0.43010459684382507
202,-0.3778986729705246,-0.3634715455756785,-0.41862685403359595,-0.4297114811240794
203,-0.3778986729705246,-0.329106939223653,-0.38390236425728064,-0.3925467518772596
204,-0.3778986729705246,-0.3329953322796282,-0.3874380715574519,-0.39369102449633653
205,-0.3778986729705246,-0.32918470708477243,-0.38397307840328415,-0.3925696373296411
206,-0.3778986729705246,-0.32529786938601957,-0.3804387853860331,-0.3914258224196119
207,-0.3778986729705246,-0.3292624438387475,-0.3867320316526172,-0.3951559856987912
208,-0.3778986729705246,-0.32537716087507407,-0.3832529177003526,-0.3940638977561448
209,-0.3778986729705246,-0.3214141722521273,-0.3797042214690429,-0.39294996805464566
210,-0.3778986729705246,-0.3254564206475331,-0.3833238916249789,-0.39408617635017484
211,-0.3778986729705246,-0.32941782407503073,-0.38687116837779617,-0.3951996604797935
212,-0.3778986729705246,-0.33329999943397837,-0.39034749959555715,-0.3962908749268197
213,-0.3778986729705246,-0.337104531285747,-0.39375430418896273,-0.3973602650849054
214,-0.3778986729705246,-0.34888483334164067,-0.4059243789580522,-0.4118210060006085
215,-0.3778986729705246,-0.3155223785529675,-0.3721643560019193,-0.3757245035749297
216,-0.3778986729705246,-0.31968246282235646,-0.37593482346719775,-0.3772052211600533
217,-0.3778986729705246,-0.32375934540635765,-0.3796298815831707,-0.3786563243934744
218,-0.3778986729705246,-0.3197640004740365,-0.3760087246295173,-0.37723424322472177
219,-0.3778986729705246,-0.3238392523050041,-0.37970230472224376,-0.37868476601684953
220,-0.3778986729705246,-0.32783299909935226,-0.38332201321311565,-0.3801062783531346
221,-0.3778986729705246,-0.2963793614710839,-0.35150181804744063,-0.37871319626357514
222,-0.3778986729705246,-0.29183641686005724,-0.3473180998230726,-0.37729225253222454
223,-0.3778986729705246,-0.2964702203633044,-0.35158549241192794,-0.37874161513820215
224,-0.3778986729705246,-0.30101134779648664,-0.3557675371490062,-0.38016199049206023
225,-0.3778986729705246,-0.3054616526810052,-0.35986594099134295,-0.3815539583388412
226,-0.3778986729705246,-0.30982295146783345,-0.363882376756833,-0.38291808682868655
227,-0.3778986729705246,-0.30554887865674185,-0.3599462697066529,-0.35031514476785575
228,-0.3778986729705246,-0.30118932438942847,-0.3559314405154692,-0.34832624000659085
229,-0.3778986729705246,-0.3056360617032752,-0.36002659815392035,-0.3503549310827938
230,-0.3778986729705246,-0.3012782440005938,-0.3560134065118352,-0.3483668413404789
231,-0.3778986729705246,-0.30572320985773804,-0.360106894487657,-0.35039471222351537
232,-0.3778986729705246,-0.31007927639773947,-0.36411851270396234,-0.3829982931706173
233,-0.3778986729705246,-0.31434822160694087,-0.3680498985559416,-0.38433353501705103
234,-0.3778986729705246,-0.3101646553019234,-0.3386815616971376,-0.3524209770328125
235,-0.3778986729705246,-0.3144318929330411,-0.34312168656925335,-0.3543677652020024
236,-0.3778986729705246,-0.28540597925579037,-0.3142652023881807,-0.3230678110520623
237,-0.3778986729705246,-0.31451552195535093,-0.31919368701510265,-0.3256016790497449
238,-0.3778986729705246,-0.3186957417017495,-0.32402357014123584,-0.32808485293078427
239,-0.3778986729705246,-0.31459912635027887,-0.3192902846776253,-0.3256513425273657
240,-0.3778986729705246,-0.3187776740087789,-0.32411823585050803,-0.3281335231388526
241,-0.3778986729705246,-0.29035503000283336,-0.2963320072886575,-0.2980484394268341
242,-0.3778986729705246,-0.2950184595882823,-0.30161912400931956,-0.3010826781003316
243,-0.3778986729705246,-0.29044829859454224,-0.2964377496230707,-0.298109124200304
244,-0.3778986729705246,-0.2857867343809275,-0.29115274774909683,-0.29507609922227584
245,-0.3778986729705246,-0.28103193888304046,-0.28576207841516776,-0.29198243020717285
246,-0.3778986729705246,-0.2761820474751956,-0.2802635623566553,-0.288826871597083
247,-0.3778986729705246,-0.27123515823919386,-0.2746550759769726,-0.2856082018147913
248,-0.3778986729705246,-0.26531524899739134,-0.2695460783157727,-0.28273517049564545
249,-0.3778986729705246,-0.27047947420294915,-0.2753689143762731,-0.28607567429996594
250,-0.3778986729705246,-0.27675924515748784,-0.2648441240126197,-0.28936006534426784
251,-0.3778986729705246,-0.2817189670449055,-0.27043637576512425,-0.2925682851979372
252,-0.3778986729705246,-0.28657949449457487,-0.2759167824825788,-0.2957123406545332
253,-0.3778986729705246,-0.3147411641591119,-0.3034709704646864,-0.32555615287228223
254,-0.3778986729705246,-0.3105410806517266,-0.2986512556412231,-0.3230718547691731
255,-0.3778986729705246,-0.3062569954741937,-0.2937351465212906,-0.32053787070400197
256,-0.3778986729705246,-0.3106267623552773,-0.29874957782362177,-0.32312253445047656
257,-0.3778986729705246,-0.3149091338987392,-0.3036637204999063,-0.32565550492202167
258,-0.3778986729705246,-0.32851266187612194,-0.29758572161094343,-0.3224439743136761
259,-0.3778986729705246,-0.32423200328127744,-0.29267354459172934,-0.3199120170303196
260,-0.3778986729705246,-0.319865731514536,-0.287663124032131,-0.317329420601296
261,-0.3778986729705246,-0.3243193287166123,-0.2927737530029213,-0.31996366895890016
262,-0.3778986729705246,-0.34751985642783967,-0.31747636408413527,-0.34657659988718137
263,-0.3778986729705246,-0.34361934240166925,-0.31296199925476154,-0.3445272953801213
264,-0.3778986729705246,-0.33964081809497537,-0.30835734712880025,-0.34243700478291983
265,-0.3778986729705246,-0.33558272330214756,-0.30366060196031974,-0.34030490837377436
266,-0.3778986729705246,-0.33144346661346324,-0.2988699218884697,-0.3381301700364461
267,-0.3778986729705246,-0.35974103178945316,-0.3295512971360992,-0.3710018233291045
268,-0.3778986729705246,-0.3633971219070188,-0.33382416387943115,-0.37256262355372494
269,-0.3778986729705246,-0.35981415359180446,-0.32963675447096585,-0.3710330393335969
270,-0.3778986729705246,-0.35615952591028577,-0.3253655968743312,-0.36947286342906627
271,-0.3778986729705246,-0.35988724614543477,-0.32972217762289857,-0.3710642428516876
272,-0.3778986729705246,-0.36354041197588083,-0.3339916267564945,-0.3726237946858564
273,-0.3778986729705246,-0.36712051448971794,-0.3381756869074185,-0.3516608579887833
274,-0.3778986729705246,-0.3636120140261576,-0.334075307959513,-0.35016306440724765
275,-0.3778986729705246,-0.36003334355332606,-0.32989292143264937,-0.3486353149540812
276,-0.3778986729705246,-0.35005205873463463,-0.3414489876792681,-0.35518731010507687
277,-0.3778986729705246,-0.3468649537389087,-0.3373058236489085,-0.354259839555197
278,-0.3778986729705246,-0.3436141066432682,-0.3330797963379416,-0.3533138195943195
279,-0.3778986729705246,-0.3114474049903818,-0.3019077785046881,-0.3187961942639749
280,-0.3778986729705246,-0.3154066030609928,-0.30684176671853924,-0.3204514871306767
281,-0.3778986729705246,-0.3192866171701916,-0.3116770751681135,-0.3220736741400446
282,-0.3778986729705246,-0.3230890309972063,-0.31641567744869614,-0.3236634174092251
283,-0.3778986729705246,-0.32681539654768077,-0.3210595076836672,-0.32522136581302197
284,-0.3778986729705246,-0.3247710444899219,-0.31811604023510165,-0.3253020625590072
285,-0.3778986729705246,-0.32846376977054204,-0.3227258632143446,-0.3268272380598084
286,-0.3778986729705246,-0.32484489899553426,-0.31820823669468656,-0.3253325660690233
287,-0.3778986729705246,-0.3285361471860422,-0.32281621574473784,-0.32685713149962425
288,-0.3778986729705246,-0.33215357041273996,-0.32733203521378806,-0.32835120562161313
289,-0.3778986729705246,-0.30307164271406806,-0.3025975764741252,-0.2971883958003265
290,-0.3778986729705246,-0.2989449293979307,-0.29760804340683256,-0.2659963021262489
291,-0.3778986729705246,-0.2947356818154707,-0.2925187196781942,-0.2632850114167925
292,-0.3778986729705246,-0.2990291143495799,-0.2977098298814054,-0.26605052794043804
293,-0.3778986729705246,-0.2948215504661529,-0.29262254188225845,-0.2633403217472655
294,-0.3778986729705246,-0.2645030792142009,-0.2632013892283408,-0.23149454565125405
295,-0.3778986729705246,-0.29490738476937484,-0.292726322557441,-0.2633956099536062
296,-0.3778986729705246,-0.29061738629434375,-0.2875393644118148,-0.26063230540069693
297,-0.3778986729705246,-0.32152985703506387,-0.31753693628852797,-0.2931020039419814
298,-0.3778986729705246,-0.2608173933490583,-0.3526580255256262,-0.2828895369369695
299,-0.3778986729705246,-0.34066572584238464,-0.3294110877822356,-0.24895570526525324
300,-0.3778986729705246,-0.33850121469050254,-0.32655089581489927,-0.24662898707361225
301,-0.3778986729705246,-0.34070901606542237,-0.3294682916215823,-0.24900223962908608
302,-0.3778986729705246,-0.30831781808113745,-0.29777249618042545,-0.21677318380174415
303,-0.3778986729705246,-0.27588334718990404,-0.26601951978145744,-0.18449761222431493
304,-0.3778986729705246,-0.2793435059148358,-0.2701475431088093,-0.18811349227677465
305,-0.3778986729705246,-0.3111843921866637,-0.30133392207026555,-0.21980177164762515
306,-0.3778986729705246,-0.3281241954605072,-0.3202152461318757,-0.21804637135581162
307,-0.3778986729705246,-0.2975618854278945,-0.29028365195731864,-0.1881617456190111
308,-0.3778986729705246,-0.3014474824820337,-0.2947873505523524,-0.19271147328304628
309,-0.3778986729705246,-0.2976395973689774,-0.2903737259292194,-0.18825274017229188
310,-0.3778986729705246,-0.29375555455365987,-0.2858718288136237,-0.17374875545247392
311,-0.3778986729705246,-0.2977172782252836,-0.2904637638715313,-0.17858674291983978
312,-0.3778986729705246,-0.29383478902709226,-0.28596366751478186,-0.17384551520182123
313,-0.3778986729705246,-0.3095342433074737,-0.30103316249343404,-0.18866905619197893
314,-0.3778986729705246,-0.31318039320402113,-0.3053218708777454,-0.19320863764455465
315,-0.3778986729705246,-0.31675362010263775,-0.3095248050943705,-0.1976574274680789
316,-0.3778986729705246,-0.2719270611382385,-0.3078753878780828,-0.1960204781504743
317,-0.3778986729705246,-0.26825850446380384,-0.30364401528452145,-0.19207228119065556
318,-0.3778986729705246,-0.2645166835738366,-0.2993281018558892,-0.1880451590684229
319,-0.3778986729705246,-0.26645713030097473,-0.3006829948711487,-0.18969466656340095
320,-0.3778986729705246,-0.26267917293880616,-0.296307772722864,-0.1856199511844292
321,-0.3778986729705246,-0.25691741848290084,-0.29001451368388165,-0.18146374149787803
322,-0.3778986729705246,-0.2608861700814309,-0.29460310545591173,-0.18570307537816022
323,-0.3778986729705246,-0.24583740917689623,-0.280161787921407,-0.17091948510974264
324,-0.3778986729705246,-0.24164705739224612,-0.2753761416341275,-0.16646926610169777
325,-0.3778986729705246,-0.23737289857190289,-0.27049478242110236,-0.16193004271349198
326,-0.3778986729705246,-0.2330132565751529,-0.2655157960238168,-0.1573000348575221
327,-0.3778986729705246,-0.2220676746139254,-0.2552019453511356,-0.14663022607269882
328,-0.3778986729705246,-0.22673342108983485,-0.26048678848982043,-0.15156623026148452
329,-0.3778986729705246,-0.20052556440537728,-0.23488564653488275,-0.12562322613564558
330,-0.3778986729705246,-0.19542897572529683,-0.22919447741987276,-0.12026708194811875
331,-0.3778986729705246,-0.2006274961789789,-0.23499946991718293,-0.12573034901939606
332,-0.3778986729705246,-0.20572204622358736,-0.24068836256454684,-0.13108435074924785
333,-0.3778986729705246,-0.2007293871798711,-0.2351132477701302,-0.1258374290539931
334,-0.3778986729705246,-0.19563687495528048,-0.22942663067982516,-0.11025009578632394
335,-0.3778986729705246,-0.20083123742436293,-0.23522698011193632,-0.11685557711824435
336,-0.3778986729705246,-0.1957407622046622,-0.2295426376684674,-0.11038220541296241
337,-0.3778986729705246,-0.20093304692875702,-0.2353406669608057,-0.11698504455235004
338,-0.3778986729705246,-0.2060214859583699,-0.24102273566729726,-0.12345582690894996
339,-0.3778986729705246,-0.20103481570934922,-0.23545430833493552,-0.11711446019948213
340,-0.3778986729705246,-0.1959484120553482,-0.22977451245592662,-0.11064626615582485
341,-0.3778986729705246,-0.19076028032826697,-0.22398112065933742,-0.10404870823129442
342,-0.3778986729705246,-0.18546838596664417,-0.21807186102681642,-0.09731919914827336
343,-0.3778986729705246,-0.18007065371778905,-0.21204441620164516,-0.09045509988359213
344,-0.3778986729705246,-0.18557634061162143,-0.21819240992332,-0.09764388246759546
345,-0.3778986729705246,-0.18018076745566566,-0.21216737607607872,-0.09078252884261984
346,-0.3778986729705246,-0.1940719640133285,-0.2256528240279273,-0.10325477831512098
347,-0.3778986729705246,-0.19929762470124993,-0.23152864959307629,-0.11000391402314591
348,-0.3778986729705246,-0.2000310101424371,-0.23226694439377782,-0.1104753671082217
349,-0.3778986729705246,-0.20513748990777647,-0.23801048755161,-0.11708009104038475
350,-0.3778986729705246,-0.2101418400778089,-0.24363915984628537,-0.12355272049390444
351,-0.3778986729705246,-0.20523757691117706,-0.2381230609975035,-0.11720954362945502
352,-0.3778986729705246,-0.20023522848121267,-0.23249664017174598,-0.11073950322771675
353,-0.3778986729705246,-0.195559078028359,-0.22744387314766357,-0.10640320528036573
354,-0.3778986729705246,-0.17481837454612145,-0.20640208453806064,-0.08535152568895976
355,-0.3778986729705246,-0.18042910909438717,-0.21266292658759986,-0.09245872875633998
356,-0.3778986729705246,-0.20806169764084037,-0.23965840978280506,-0.11862477815406103
357,-0.3778986729705246,-0.2130075657272118,-0.2452541253274495,-0.12506651617213937
358,-0.3778986729705246,-0.220172426666416,-0.25357248141657207,-0.13550405876660854
359,-0.3778986729705246,-0.22407650551212854,-0.25686277965617543,-0.13800763871235366
360,-0.3778986729705246,-0.18898329407886472,-0.22239562444114302,-0.10434293615705659
361,-0.3778986729705246,-0.1836558579212536,-0.21645465318966525,-0.09761556129903814
362,-0.3778986729705246,-0.17822196912969004,-0.21039498503636767,-0.09075367450410121
363,-0.3778986729705246,-0.15696591154384265,-0.18890853381149175,-0.07968634753815296
364,-0.3778986729705246,-0.162933698431488,-0.19551924764035697,-0.08690685509132356
365,-0.3778986729705246,-0.15708526728159555,-0.18904074808806903,-0.07983075768921644
366,-0.3778986729705246,-0.1630506670544859,-0.19564881763140285,-0.08704837703936585
367,-0.3778986729705246,-0.15720457527705348,-0.18917290947893584,-0.07997511007621949
368,-0.3778986729705246,-0.1631675888900347,-0.19577833579445225,-0.08718984237862881
369,-0.3778986729705246,-0.14792506843513675,-0.1582613939473587,-0.04978436838049982
370,-0.3778986729705246,-0.14064870590692247,-0.15160200457865924,-0.04371015648161236
371,-0.3778986729705246,-0.13393543721740797,-0.1442840823508752,-0.035818688321306524
372,-0.3778986729705246,-0.1407831771284901,-0.15174852977303865,-0.04386800736528096
373,-0.3778986729705246,-0.1474938729581099,-0.1590636174809802,-0.05175634158906295
374,-0.3778986729705246,-0.15802079420897952,-0.17054037416883716,-0.06544084823185059
375,-0.3778986729705246,-0.1318118569974044,-0.14490474428927758,-0.04032284493871596
376,-0.3778986729705246,-0.012940409139362563,-0.1655771426613384,0.0032409096862761055
377,-0.3778986729705246,-0.018846611190310718,-0.17160440410216093,-0.003131488691134332
378,-0.3778986729705246,-0.013058533180381526,-0.16569768789015482,0.00311346171872795
379,-0.3778986729705246,0.0014414477245737745,-0.15131871795131802,0.01714743277575148
380,-0.3778986729705246,-0.004752391463653027,-0.15763114788634092,0.01049690393655156
381,-0.3778986729705246,-0.010822353868115364,-0.16381732922266334,0.003979385674135583
382,-0.3778986729705246,-0.01677091702448852,-0.16987978693225947,-0.0024077822230321733
383,-0.3778986729705246,-0.010941325131242796,-0.16393857837685533,0.003851642316192172
384,-0.3778986729705246,-0.01688750886235335,-0.16999861110336756,-0.00253297071381664
385,-0.3778986729705246,-0.02271476891884172,-0.17593744317534954,-0.008789891483225287
386,-0.3778986729705246,-0.02842548377420029,-0.18175749860589185,-0.041521657103913645
387,-0.3778986729705246,-0.02282898321594895,-0.14937487591260867,-0.008912527130305659
388,-0.3778986729705246,-0.02853741378536534,-0.15572618268840577,-0.04163120004474574
389,-0.3778986729705246,-0.022943151827337194,-0.14950190204812452,-0.009035113723127153
390,-0.3778986729705246,-0.017237004630148545,-0.14315313579503774,0.0236704717221472
391,-0.3778986729705246,-0.011416734489016256,-0.1366773942168893,0.030451461340274988
392,-0.3778986729705246,-0.0014737492629951499,-0.12681581678197307,0.03866689528397216
393,-0.3778986729705246,-0.007609284511470582,-0.13361830474038294,0.03158597719460776
394,-0.3778986729705246,-0.0015964599679645364,-0.12695186654114132,0.03852527692218488
395,-0.3778986729705246,0.004536621066411613,-0.12015209957791473,0.04560336264431364
396,-0.3778986729705246,0.010792363721475295,-0.11321633727542368,0.05282301008088497
397,-0.3778986729705246,0.017173221229640157,-0.10614185972688295,0.06018705046618755
398,-0.3778986729705246,0.010664746571312,-0.11335782682639461,0.05267572927317887
399,-0.3778986729705246,-0.06361222167353087,-0.08523466594254325,0.059124792594010045
400,-0.3778986729705246,-0.05710635040506595,-0.07802158522987135,0.0666331092585416
401,-0.3778986729705246,-0.06374233909890015,-0.08537892755679666,0.058974626260719476
402,-0.3778986729705246,-0.0558268244992326,-0.07618819247896891,0.06670345425606494
403,-0.3778986729705246,-0.06248840371118336,-0.08358220266091221,0.05904356435829239
404,-0.3778986729705246,-0.06901675133889518,-0.09082833263921675,0.05153687225847514
405,-0.3778986729705246,-0.06261897066373756,-0.08372712526047832,0.05889343051629603
406,-0.3778986729705246,-0.05609323437507685,-0.0764838937341652,0.06639711993927333
407,-0.3778986729705246,-0.04943698336064295,-0.06909579757732587,0.07405092611447772
408,-0.3778986729705246,-0.04416553441558768,-0.06448621394224818,0.07833444416377144
409,-0.3778986729705246,-0.0510603394292114,-0.07211426401403609,0.07044193774525953
410,-0.3778986729705246,-0.044303430515860165,-0.06463877494368397,0.07817659403540111
411,-0.3778986729705246,-0.037411383424241884,-0.057013776091924706,0.08606594345134566
412,-0.3778986729705246,-0.04996579785295163,-0.0695917893401522,0.07158638814192053
413,-0.3778986729705246,-0.043186998108075136,-0.062065850457217575,0.07934393109138105
414,-0.3778986729705246,-0.0362726223683012,-0.05438939279662425,0.08725662489983077
415,-0.3778986729705246,-0.029219959113731764,-0.046559405982819047,0.09532757258444946
416,-0.3778986729705246,-0.036413675633392595,-0.05454599253290024,0.08709520594613851
417,-0.3778986729705246,-0.029363833444124826,-0.04671913771382041,0.09516292525168346
418,-0.3778986729705246,-0.02217299441107201,-0.038735745798359256,0.10339199894333917
419,-0.3778986729705246,-0.029507650224786075,-0.046878805552129865,0.09499834377785021
420,-0.3778986729705246,-0.036695612922225784,-0.054859004110824894,0.08677256171567116
421,-0.3778986729705246,-0.02965140947873482,-0.04703840952330374,0.09483382813660668
422,-0.3778986729705246,-0.022466321966373992,-0.03906140304403205,0.10305631988596087
423,-0.3778986729705246,-0.015137532703765944,-0.030924856435174952,0.11144326147030226
424,-0.3778986729705246,-0.0022092755707628087,-0.017223876616032086,0.12256854143197571
425,-0.3778986729705246,-0.0024791692144597866,-0.018333137206625855,0.1212553919635374
426,-0.3778986729705246,0.005249363103186466,-0.009782025281020679,0.13000631498943027
427,-0.3778986729705246,-0.002633739860812584,-0.018504159445137836,0.1210803735030197
428,-0.3778986729705246,0.00509170104390666,-0.009956467964302829,0.1298277961597022
429,-0.3778986729705246,-0.0027882486789069516,-0.018675113274754462,0.1209054250498861
430,-0.3778986729705246,-0.010510599407264287,-0.027219385678997177,0.11216154216558248
431,-0.3778986729705246,-0.002942695693474051,-0.01884599872283943,0.12073058588171992
432,-0.3778986729705246,0.004776566094591872,-0.010305144027558555,0.12947101047218001
433,-0.3778986729705246,-0.0030970809292353296,-0.01901681581674497,0.12055577738991076
434,-0.3778986729705246,-0.010813255012586231,-0.027554254170147896,0.11181884896928673
435,-0.3778986729705246,-0.05108731820807788,-0.06702347838098854,0.07254512502432287
436,-0.3778986729705246,-0.04433094887030398,-0.059446173278870695,0.08032184039763501
437,-0.3778986729705246,-0.0779463396694896,-0.09222420959842548,0.04774720255469844
438,-0.3778986729705246,-0.11887999028028506,-0.13230375863999744,0.007875119959277033
439,-0.3778986729705246,-0.07807072344766064,-0.09236567540798091,0.047601587416220004
440,-0.3778986729705246,-0.037153446297109566,-0.05230215818602568,0.08745772117860318
441,-0.3778986729705246,0.004105522576593912,0.002076920505233004,0.0964107725593144
442,-0.3778986729705246,0.045149701983703494,0.04169014680669092,0.1364409696416542
443,-0.3778986729705246,0.003945642342531475,0.0018884212090575503,0.09623061267875643
444,-0.3778986729705246,-0.03708211939281536,-0.03770895980187983,0.05621642767524948
445,-0.3778986729705246,-0.07795003927415323,-0.07711789673946667,0.016382339689711478
446,-0.3778986729705246,-0.03722549899804972,-0.037881524569038705,0.056052354734008825
447,-0.3778986729705246,-0.07807709727324641,-0.07727471810067332,0.016234191185982128
448,-0.3778986729705246,-0.08280267525982643,-0.08348786892568671,0.010454509777688581
449,-0.3778986729705246,-0.042876094192871195,-0.045019109240396094,0.04934806949136461
450,-0.3778986729705246,-0.0829277922045254,-0.08364214229801892,0.010308732405924004
451,-0.3778986729705246,-0.12283840263905366,-0.12209551447943523,-0.028569269883866433
452,-0.3778986729705246,-0.08305285910244631,-0.08379635396100216,0.010163013345108274
453,-0.3778986729705246,-0.12294750529280074,-0.12223434479354589,-0.028699437743766265
454,-0.3778986729705246,-0.16271713461199344,-0.16051818564777165,-0.06741622805944936
455,-0.3778986729705246,-0.20237770491850016,-0.1986632517200121,-0.10600290258237632
456,-0.3778986729705246,-0.19851335827672434,-0.19325309075928465,-0.10104318224134912
457,-0.3778986729705246,-0.19457172470211304,-0.18773472657934276,-0.09598426749350142
458,-0.3778986729705246,-0.19859219094821667,-0.19336345804288368,-0.10114436053630615
459,-0.3778986729705246,-0.1582495669267684,-0.1545969339345239,-0.061918570775624904
460,-0.3778986729705246,-0.1986709920866403,-0.16088842125096103,-0.06775997775278708
461,-0.3778986729705246,-0.20260947298505316,-0.16705407882106937,-0.07348455659040587
462,-0.3778986729705246,-0.19874976170460845,-0.16101173440236316,-0.06787446932953933
463,-0.3778986729705246,-0.20268666721066197,-0.16717492570944348,-0.07359675833562318
464,-0.3778986729705246,-0.1988284998147295,-0.16113499822850474,-0.06798891510966099
465,-0.3778986729705246,-0.15853426758022926,-0.1230661612807108,-0.02947935222179099
466,-0.3778986729705246,-0.16327548296877037,-0.12998826405022412,-0.035969543570029794
467,-0.3778986729705246,-0.158629091888,-0.12320460333610095,-0.02960915604875569
468,-0.3778986729705246,-0.16336841079038578,-0.13012393726450655,-0.0360967513204552
469,-0.3778986729705246,-0.20291806467074647,-0.16753717641936783,-0.0739330943588884
470,-0.3778986729705246,-0.2067716041174772,-0.17356985888610796,-0.07953421086438517
471,-0.3778986729705246,-0.16810397615220063,-0.13703779108044067,-0.04257920841669938
472,-0.3778986729705246,-0.16355415493509895,-0.13039512090692196,-0.036351014192358755
473,-0.3778986729705246,-0.1589133372936551,-0.12361959732993277,-0.02999825608353124
474,-0.3778986729705246,-0.16364697128792782,-0.13053063137846188,-0.03647806935453535
475,-0.3778986729705246,-0.16828593260231492,-0.1373034447460202,-0.04282828636011926
476,-0.3778986729705246,-0.12957376359084827,-0.1306660876458131,-0.03660507369464705
477,-0.3778986729705246,-0.16837685624407703,-0.13743619188802447,-0.042952750613428736
478,-0.3778986729705246,-0.07700883437123429,-0.13226209593750127,-0.009877818080221146
479,-0.3778986729705246,-0.038903849013751435,-0.09491973339816995,0.027726694513798722
480,-0.3778986729705246,-0.04566683207772715,-0.10243008682393417,0.020473248141629208
481,-0.3778986729705246,-0.008206329113600086,0.030225956998678027,0.05991100884152434
482,-0.3778986729705246,-0.04579938654578097,-0.005622866076227417,0.023553448990415116
483,-0.3778986729705246,-0.008353867782839641,0.030043533642292952,0.05973876022066327
484,-0.3778986729705246,0.029224152426368333,0.06587801718796837,0.09608177704783194
485,-0.3778986729705246,0.021098609333590312,0.05604380816492849,0.08674593064065539
486,-0.3778986729705246,0.05806959919931054,0.09134030541899207,0.12253082325826514
487,-0.3778986729705246,0.02093934868897185,0.05585105766807685,0.08656294805107478
488,-0.3778986729705246,0.0008518477374932498,-0.02546866840633899,0.08249144249203777
489,-0.3778986729705246,-0.0341165434063706,-0.06077742826252752,0.04819328870612938
490,-0.3778986729705246,-0.06890394782275067,-0.09591200876547878,0.014089526394863827
491,-0.3778986729705246,-0.03428354277739665,-0.060937484111822204,0.04801261649300104
492,-0.3778986729705246,-0.03649278025814595,-0.026553790411323885,0.026648220745217555
493,-0.3778986729705246,-0.026493482275506852,-0.017497239496337635,0.034286118764868534
494,-0.3778986729705246,-0.03669276621779871,-0.026734921429623637,0.02649546278482451
495,-0.3778986729705246,-0.06455639857365081,-0.054707546623836145,0.0017285270419097332
496,-0.3778986729705246,-0.03090879536667568,-0.020115393591268016,0.037674651719629026
497,-0.3778986729705246,0.0029275683526260865,0.014646628957114882,0.07376356648026017
498,-0.3778986729705246,-0.007860136602228507,0.004766069654759786,0.06518336154590831
499,-0.3778986729705246,-0.04121794820968139,-0.029480744692142458,0.02966219991836283
500,-0.3778986729705246,-0.031313153586072895,-0.020482732862772357,0.03736037752147692
501,-0.3778986729705246,-0.04141604410215338,-0.02966070492872963,0.029508236366300733
502,-0.3778986729705246,-0.051316876807912415,-0.03865511755336781,0.02181313803422802
503,-0.3778986729705246,-0.06101969285955633,-0.047469641925513395,0.01427194166879664
504,-0.3778986729705246,-0.09284074834391587,-0.08016122294280015,-0.019667465921757388
505,-0.3778986729705246,-0.06120988115484416,-0.04764242060195145,0.01412415225239283
506,-0.3778986729705246,-0.08360305105502297,-0.070843222585247,-0.008725152604090236
507,-0.3778986729705246,-0.11503296301575415,-0.1188761609925909,-0.01736716431769969
508,-0.3778986729705246,-0.10660446809150324,-0.11079036026982324,-0.01070001351958949
509,-0.3778986729705246,-0.11948320215337037,-0.121622173251143,-0.01707863985016944
510,-0.3778986729705246,-0.12720696345620086,-0.12928449163063593,-0.023726312538059124
511,-0.3778986729705246,-0.11963767737942699,-0.12177541961873285,-0.017211593303927297
512,-0.3778986729705246,-0.13390758591165886,-0.1347101313522594,-0.028909649244683977
513,-0.3778986729705246,-0.12647231228399414,-0.12730957213478877,-0.022498596744684685
514,-0.3778986729705246,-0.13405629138421216,-0.13485814253660877,-0.029037870294684076
515,-0.3778986729705246,-0.1266239918659986,-0.1274605435428252,-0.02262938221568478
516,-0.3778986729705246,-0.11904304635742069,-0.11991499256916605,-0.016092724375105564
517,-0.3778986729705246,-0.06793654624736489,-0.09835511719027212,-0.011146645303564795
518,-0.3778986729705246,-0.05928310307506701,-0.09067799269696009,-0.0033002300334301696
519,-0.3778986729705246,-0.0829819435262291,-0.11432020830592016,-0.025282184551352005
520,-0.3778986729705246,-0.07462940829950837,-0.106962385634921,-0.017718480066173048
521,-0.3778986729705246,-0.07776869603980086,-0.11111628018204933,-0.021662375162838088
522,-0.3778986729705246,-0.08622549621625009,-0.11853818141552586,-0.029298475835787263
523,-0.3778986729705246,-0.11068114761137848,-0.12581076221948817,-0.036781102946491284
524,-0.3778986729705246,-0.11928139164131857,-0.13293894013320473,-0.04214304308723715
525,-0.3778986729705246,-0.11085315249197725,-0.12595332577776253,-0.03513085447485931
526,-0.3778986729705246,-0.12113652841469237,-0.13447997951249147,-0.04228328685948468
527,-0.3778986729705246,-0.11274539200081846,-0.1275251859446349,-0.03527390312255175
528,-0.3778986729705246,-0.10418643285866702,-0.12043129650542117,-0.028124331710880024
529,-0.3778986729705246,-0.11291657118366139,-0.12766706373341918,-0.03541689455078511
530,-0.3778986729705246,-0.12147209490614963,-0.13475810467299443,-0.04256358057431475
531,-0.3778986729705246,-0.15294236008587603,-0.16766356427479767,-0.07541449424153235
532,-0.3778986729705246,-0.16069738103503484,-0.17395468691343807,-0.08176125373345011
533,-0.3778986729705246,-0.15309746050485917,-0.1677893867275705,-0.07554142943137077
534,-0.3778986729705246,-0.16084937944563826,-0.17407799291715542,-0.08188565021949179
535,-0.3778986729705246,-0.19151363395716747,-0.20617629392485493,-0.11392944892062595
536,-0.3778986729705246,-0.18453003848543448,-0.2006554258792157,-0.10835298852229014
537,-0.3778986729705246,-0.2104943815135868,-0.22722805996140683,-0.13208319379139477
538,-0.3778986729705246,-0.20132958293410663,-0.17914205085720292,-0.1352688001509279
539,-0.3778986729705246,-0.19120531340242175,-0.1703922624774209,-0.12683734978966132
540,-0.3778986729705246,-0.15992808639256118,-0.1391307746352064,-0.09571919704361631
541,-0.3778986729705246,-0.16674232556436908,-0.14596043819130755,-0.10216684329835413
542,-0.3778986729705246,-0.17342027995274079,-0.15265350847628656,-0.1084855366279972
543,-0.3778986729705246,-0.17996467525334503,-0.15921271735556597,-0.11467785609104741
544,-0.3778986729705246,-0.18637818264793726,-0.16564074847729182,-0.12074633410605529
545,-0.3778986729705246,-0.2153414660725279,-0.194589804824704,-0.15004774688605138
546,-0.3778986729705246,-0.20539433030850807,-0.18093617438504717,-0.17816100177696204
547,-0.3778986729705246,-0.20949876490727926,-0.24943707990237496,-0.18221500924862477
548,-0.3778986729705246,-0.22024568400511357,-0.2590010997993726,-0.18599371811638343
549,-0.3778986729705246,-0.22492665722346994,-0.26387643473827127,-0.18969685280678705
550,-0.3778986729705246,-0.19765214008624454,-0.23679239208717728,-0.1614640539121679
551,-0.3778986729705246,-0.1702858758739394,-0.20961279287128098,-0.1331586735776168
552,-0.3778986729705246,-0.21896796289583964,-0.21684379190841607,-0.16521928198325386
553,-0.3778986729705246,-0.22409261898711308,-0.22211040197458987,-0.17046704992795292
554,-0.3778986729705246,-0.229114781956561,-0.2272716798394402,-0.1971606238345488
555,-0.3778986729705246,-0.23403650166661993,-0.23232973214699348,-0.22375134148942866
556,-0.3778986729705246,-0.23885978661562557,-0.2372866234083958,-0.2502498803221551
557,-0.3778986729705246,-0.21362245421837345,-0.2121802245690141,-0.22383288402452028
558,-0.3778986729705246,-0.20839088769212455,-0.20682034315605224,-0.197344944607327
559,-0.3778986729705246,-0.20057959942361714,-0.20173636981072518,-0.1793957840278485
560,-0.3778986729705246,-0.17296857628186446,-0.1753003502443915,-0.17504144777644903
561,-0.3778986729705246,-0.17646098354988538,-0.179944261016323,-0.1794828707528765
562,-0.3778986729705246,-0.17303842442722484,-0.17539322845983019,-0.17513027623597754
563,-0.3778986729705246,-0.16954741412211116,-0.1707511752522075,-0.17069062982874061
564,-0.3778986729705246,-0.1731082446333272,-0.1754860695239827,-0.17521906916412233
565,-0.3778986729705246,-0.1696186307323354,-0.170845873137643,-0.17078119861544827
566,-0.3778986729705246,-0.1660592245533239,-0.16611287282357656,-0.16625457065580074
567,-0.3778986729705246,-0.16968981885591572,-0.17094053314392443,-0.17087173117464127
568,-0.3778986729705246,-0.1415004273109226,-0.14392426167044037,-0.14364918744563226
569,-0.3778986729705246,-0.16976095605190933,-0.17103512820797417,-0.17096221799253375
570,-0.3778986729705246,-0.14158286270689047,-0.1440296903104772,-0.14375057280548187
571,-0.3778986729705246,-0.1374627416164168,-0.138760366881432,-0.1386833325202005
572,-0.3778986729705246,-0.10864853259633667,-0.11111834424669476,-0.11083518507882406
573,-0.3778986729705246,-0.13754679208666254,-0.13886786107938454,-0.13878670422202022
574,-0.3778986729705246,-0.16634947542313472,-0.1664988269050679,-0.1666237124044201
575,-0.3778986729705246,-0.13763080893672008,-0.13897531227965787,-0.13889003457515925
576,-0.3778986729705246,-0.13343164677084296,-0.13360490128999625,-0.13372558352527153
577,-0.3778986729705246,-0.12985401557104992,-0.12477802715433872,-0.13129715791919316
578,-0.3778986729705246,-0.15730612969197189,-0.1546141006771009,-0.16026016457289993
579,-0.3778986729705246,-0.18462898485411283,-0.1843685944291189,-0.18912413011848128
580,-0.3778986729705246,-0.1792615363007194,-0.18148141723740008,-0.18532861415619717
581,-0.3778986729705246,-0.20701020489070765,-0.21175996261629648,-0.21468065398911695
582,-0.3778986729705246,-0.21898142822424438,-0.21955556830377376,-0.22033423082359516
583,-0.3778986729705246,-0.21659977619765425,-0.21513789175214892,-0.26538566439188815
584,-0.3778986729705246,-0.21344764936002336,-0.21133356233511014,-0.26205397469603975
585,-0.3778986729705246,-0.21395921920243566,-0.21166169622156727,-0.2399482943994059
586,-0.3778986729705246,-0.21881555721640478,-0.21640755880411688,-0.24379667086010015
587,-0.3778986729705246,-0.24593864167079804,-0.24363890918130116,-0.2719075576367028
588,-0.3778986729705246,-0.2729665419001176,-0.2707772406518676,-0.299943016234676
589,-0.3778986729705246,-0.24602297666209016,-0.24372103554776836,-0.27197174146062186
590,-0.3778986729705246,-0.2502380395268662,-0.24782571134379394,-0.27517964898009173
591,-0.3778986729705246,-0.2461072779193857,-0.24380312906368884,-0.27203589961101127
592,-0.3778986729705246,-0.2713403182252163,-0.26807571880922965,-0.2940320934694056
593,-0.3778986729705246,-0.2750490332698282,-0.2716932994562302,-0.2967987935682046
594,-0.3778986729705246,-0.24870021343961768,-0.2452551679163606,-0.26952679909109734
595,-0.3778986729705246,-0.2442679143516846,-0.24470977940203265,-0.24371631939645955
596,-0.3778986729705246,-0.2474682745363782,-0.24742590264550535,-0.24691460341694038
597,-0.3778986729705246,-0.2749027161296731,-0.2753348964411967,-0.2743510796511638
598,-0.3778986729705246,-0.2774903802788069,-0.27743851734388614,-0.2769366684665505
599,-0.3778986729705246,-0.2749544694126558,-0.27537696885925056,-0.2744027914274715
600,-0.3778986729705246,-0.3023152352605172,-0.3032215843362578,-0.30176563177894644
601,-0.3778986729705246,-0.30435464902703424,-0.304767471481046,-0.30380292955177757
602,-0.3778986729705246,-0.3063532745182208,-0.30628244088293843,-0.305799481369152
603,-0.3778986729705246,-0.3043946215368579,-0.3047977708690839,-0.30384286058812504
604,-0.3778986729705246,-0.306392447577848,-0.3063121342832156,-0.3058386137847726
605,-0.3778986729705246,-0.3083503170980183,-0.3077962104290646,-0.3077944519174872
606,-0.3778986729705246,-0.3064316049682513,-0.3063418158061324,-0.30587773054742684
607,-0.3778986729705246,-0.28022498729942436,-0.2796615942803339,-0.27966908230369913
608,-0.3778986729705246,-0.28270620602516316,-0.2816786812262405,-0.2821483110660352
609,-0.3778986729705246,-0.28513778893399133,-0.28365541551983897,-0.28457794468834396
610,-0.3778986729705246,-0.2599313695145581,-0.25800323575965,-0.2593696059241347
611,-0.3778986729705246,-0.2628184682718948,-0.26045348938304624,-0.262254823723591
612,-0.3778986729705246,-0.2656478250540848,-0.2628547379339745,-0.2650823371670582
613,-0.3778986729705246,-0.26842059470063107,-0.26520796151388426,-0.267853300341656
614,-0.3778986729705246,-0.28991411847778015,-0.2871126404363371,-0.28934859446131445
615,-0.3778986729705246,-0.31367421741551316,-0.31129211762227993,-0.31311049914840705
616,-0.3778986729705246,-0.33738856747768475,-0.3354342334976256,-0.33682669107492547
617,-0.3778986729705246,-0.33872652227575906,-0.3363358671662623,-0.33816276717136595
618,-0.3778986729705246,-0.3155219791540975,-0.31270372933775203,-0.3149563829221034
619,-0.3778986729705246,-0.3172972657186435,-0.3140599730895862,-0.3167298651816003
620,-0.3778986729705246,-0.3155574848853884,-0.3127308542127887,-0.31499185256729323
621,-0.3778986729705246,-0.3205961330251421,-0.31431427825060876,-0.3143142658253334
622,-0.3778986729705246,-0.2982976193190733,-0.2911750374774218,-0.291175024742084
623,-0.3778986729705246,-0.3009412060423593,-0.2929947116749321,-0.292994698635733
624,-0.3778986729705246,-0.30353192103117954,-0.2947779923884921,-0.29477797905150915
625,-0.3778986729705246,-0.32498962541124365,-0.3170269823583113,-0.31702696931315655
626,-0.3778986729705246,-0.34639655177752693,-0.33924102002614465,-0.3392410072786547
627,-0.3778986729705246,-0.34431677725201015,-0.3383826654796088,-0.338382653035737
628,-0.3778986729705246,-0.34259357368738286,-0.3375071438421423,-0.337507131707961
629,-0.3778986729705246,-0.34083590605146297,-0.33661411177192646,-0.33661409995362945
630,-0.3778986729705246,-0.34262872704010117,-0.3375250044835467,-0.33752499234304767
631,-0.3778986729705246,-0.34087176247123563,-0.33663232962615885,-0.3366323178014179
632,-0.3778986729705246,-0.3182166892584216,-0.3130956809076376,-0.3130956687608235
633,-0.3778986729705246,-0.3159714710050474,-0.3117144085845919,-0.31171439675338275
634,-0.3778986729705246,-0.318261579510284,-0.3131232949987254,-0.31312328284557134
635,-0.3778986729705246,-0.34094341934142436,-0.33666873247914675,-0.33666872064149866
636,-0.3778986729705246,-0.3391527498029152,-0.33575893254290434,-0.3357589210270723
637,-0.3778986729705246,-0.337326266873636,-0.33483093660793717,-0.3348309254203574
638,-0.3778986729705246,-0.3354632542857712,-0.3338843807542705,-0.33388436990150827
639,-0.3778986729705246,-0.3114407379189923,-0.30892707851860934,-0.3089270673243334
640,-0.3778986729705246,-0.31942474038122726,-0.31782717113234893,-0.3178271602727565
641,-0.3778986729705246,-0.31720369726351416,-0.31654053996917053,-0.31654052945095523
642,-0.3778986729705246,-0.31944069528138985,-0.3178942681381117,-0.31789425709238583
643,-0.3778986729705246,-0.3172227265792823,-0.3161578413881041,-0.31615783070269665
644,-0.3778986729705246,-0.319485054655432,-0.3179289966731119,-0.3179289856201797
645,-0.3778986729705246,-0.3217021361700587,-0.3196647288524196,-0.319664717439313
646,-0.3778986729705246,-0.3238748760543928,-0.3213657463881411,-0.32136573462206364
647,-0.3778986729705246,-0.34019935565468207,-0.33862526590902875,-0.33862525858792447
648,-0.3778986729705246,-0.3383965601600404,-0.3373034591144394,-0.33730345222814606
649,-0.3778986729705246,-0.3246229115969952,-0.32286365745631374,-0.3228636490430561
650,-0.3778986729705246,-0.3225085872211997,-0.3212266184926701,-0.3212266104923802
651,-0.3778986729705246,-0.32035197635788837,-0.3195568387497536,-0.3195568311706909
652,-0.3778986729705246,-0.32255171943846594,-0.32126001408752847,-0.321260006078814
653,-0.3778986729705246,-0.3254765294850924,-0.3232228202981585,-0.3232228038127194
654,-0.3778986729705246,-0.3275737815031259,-0.32485267600496526,-0.324852659268002
655,-0.3778986729705246,-0.32164327581023466,-0.3178449377815299,-0.31784492579854273
656,-0.3778986729705246,-0.32381719290176536,-0.3195823511386693,-0.3195823388141088
657,-0.3778986729705246,-0.32594763165146545,-0.3212850162286659,-0.3212850035693636
658,-0.3778986729705246,-0.34878370908922707,-0.344540311852937,-0.34454029952168164
659,-0.3778986729705246,-0.3504148175151778,-0.34574381772864815,-0.3457438050627849
660,-0.3778986729705246,-0.37275325193667996,-0.3685013026493852,-0.36850129031143763
661,-0.3778986729705246,-0.36769208914220775,-0.36555232287600026,-0.3655523198284224
662,-0.3778986729705246,-0.36643916232902884,-0.36476905425542683,-0.3647690517281209
663,-0.3778986729705246,-0.36516115573815,-0.36397012401690354,-0.3639701220202881
664,-0.3778986729705246,-0.37892692432155295,-0.37842449440603565,-0.3784244938361959
665,-0.3778986729705246,-0.3778986729705246,-0.3778986729705246,-0.3778986729705246
