Attack_Day,Window_Size,Sharpe_Before_Attack,Sharpe_After_Attack
0,50,0.7222951343527272,0.7222951343527272
0,40,0.7222951343527272,0.7222951343527272
0,30,0.7222951343527272,0.7222951343527272
1,50,0.7222951343527272,0.7222951343527272
1,40,0.7222951343527272,0.7222951343527272
1,30,0.7222951343527272,0.7222951343527272
2,50,0.7222951343527272,0.7305919987230948
2,40,0.7222951343527272,0.7305919987230948
2,30,0.7222951343527272,0.7305919987230948
3,50,0.7222951343527272,0.7305919987230948
3,40,0.7222951343527272,0.7305919987230948
3,30,0.7222951343527272,0.7305919987230948
4,50,0.7222951343527272,0.7305919987230948
4,40,0.7222951343527272,0.7305919987230948
4,30,0.7222951343527272,0.7305919987230948
5,50,0.7222951343527272,0.7233531662755381
5,40,0.7222951343527272,0.7233531662755381
5,30,0.7222951343527272,0.7233531662755381
6,50,0.7222951343527272,0.7233531662755381
6,40,0.7222951343527272,0.7233531662755381
6,30,0.7222951343527272,0.7233531662755381
7,50,0.7222951343527272,0.0011287969188024701
7,40,0.7222951343527272,0.0011287969188024701
7,30,0.7222951343527272,0.7233531662755381
8,50,0.7222951343527272,0.0011287969188024701
8,40,0.7222951343527272,0.0011287969188024701
8,30,0.7222951343527272,0.7233531662755381
9,50,0.7222951343527272,0.0011287969188024701
9,40,0.7222951343527272,0.0011287969188024701
9,30,0.7222951343527272,0.7233531662755381
10,50,0.7222951343527272,0.023670094370926167
10,40,0.7222951343527272,0.023670094370926167
10,30,0.7222951343527272,0.7233876433916951
11,50,0.7222951343527272,0.023670094370926167
11,40,0.7222951343527272,0.023670094370926167
11,30,0.7222951343527272,0.7233876433916951
12,50,0.7222951343527272,0.023670094370926167
12,40,0.7222951343527272,0.023670094370926167
12,30,0.7222951343527272,0.7233876433916951
13,50,0.7222951343527272,0.023670094370926167
13,40,0.7222951343527272,0.023670094370926167
13,30,0.7222951343527272,0.7233876433916951
14,50,0.7222951343527272,0.023670094370926167
14,40,0.7222951343527272,0.023670094370926167
14,30,0.7222951343527272,0.7233876433916951
15,50,0.7222951343527272,0.00903907839426296
15,40,0.7222951343527272,0.023670094370926167
15,30,0.7222951343527272,0.7233876433916951
16,50,0.7222951343527272,0.7485984955927352
16,40,0.7222951343527272,0.7473629103022835
16,30,0.7222951343527272,0.9308873760167947
17,50,0.7222951343527272,0.7388338640301606
17,40,0.7222951343527272,0.7369905759337252
17,30,0.7222951343527272,0.9185235867753263
18,50,0.7222951343527272,0.7432494672543212
18,40,0.7222951343527272,0.7399731142589109
18,30,0.7222951343527272,0.9312003993158936
19,50,0.7222951343527272,0.749265191575423
19,40,0.7222951343527272,0.7479767088612014
19,30,0.7222951343527272,0.9526582309911034
20,50,0.7222951343527272,1.6690746632967057
20,40,0.7222951343527272,1.658908697952983
20,30,0.7222951343527272,1.621524408442507
21,50,0.7222951343527272,1.680106416899715
21,40,0.7222951343527272,1.6807277511066032
21,30,0.7222951343527272,-0.5592911914495786
22,50,0.7222951343527272,1.4482371846436237
22,40,0.7222951343527272,1.755897572423002
22,30,0.7222951343527272,-0.5592911914495786
23,50,0.7222951343527272,1.4482371846436237
23,40,0.7222951343527272,1.755897572423002
23,30,0.7222951343527272,1.7501005863967687
24,50,0.7222951343527272,1.6451508449097674
24,40,0.7222951343527272,2.0015432511051667
24,30,0.7222951343527272,2.013149925168621
25,50,0.7222951343527272,1.6451508449097674
25,40,0.7222951343527272,2.0015432511051667
25,30,0.7222951343527272,2.013149925168621
26,50,0.7222951343527272,2.0596896808495737
26,40,0.7222951343527272,1.9808410411810926
26,30,0.7222951343527272,2.0179784966608274
27,50,0.7222951343527272,1.8660696526572589
27,40,0.7222951343527272,1.9374157594635966
27,30,0.7222951343527272,2.0291145093853795
28,50,0.7222951343527272,1.8660696526572589
28,40,0.7222951343527272,1.9374157594635966
28,30,0.7222951343527272,2.0291145093853795
29,50,0.7222951343527272,1.8660696526572589
29,40,0.7222951343527272,1.9374157594635966
29,30,0.7222951343527272,2.0291145093853795
30,50,0.7222951343527272,1.6456760927720504
30,40,0.7222951343527272,1.9374083901503363
30,30,0.7222951343527272,2.0291145093853795
31,50,0.7222951343527272,1.645554788877528
31,40,0.7222951343527272,1.9427655258889196
31,30,0.7222951343527272,2.025559114391492
32,50,0.7222951343527272,1.645554788877528
32,40,0.7222951343527272,1.9427655258889196
32,30,0.7222951343527272,2.025559114391492
33,50,0.7222951343527272,1.645554788877528
33,40,0.7222951343527272,1.9427655258889196
33,30,0.7222951343527272,2.025559114391492
34,50,0.7222951343527272,1.6454961705251854
34,40,0.7222951343527272,1.9427477689097359
34,30,0.7222951343527272,2.0255553156143415
35,50,0.7222951343527272,1.6454961705251854
35,40,0.7222951343527272,1.9427477689097359
35,30,0.7222951343527272,2.0255553156143415
36,50,0.7222951343527272,0.6888675642701467
36,40,0.7222951343527272,1.887715573082958
36,30,0.7222951343527272,1.9519990187714973
37,50,0.7222951343527272,0.31993177110317406
37,40,0.7222951343527272,1.8620648645236968
37,30,0.7222951343527272,2.0398892323642768
38,50,0.7222951343527272,0.5434893417342527
38,40,0.7222951343527272,1.8087708993779688
38,30,0.7222951343527272,2.033483281346947
39,50,0.7222951343527272,0.5434893417342527
39,40,0.7222951343527272,1.8087708993779688
39,30,0.7222951343527272,2.033483281346947
40,50,0.7222951343527272,0.14107657590580225
40,40,0.7222951343527272,1.847601761752748
40,30,0.7222951343527272,0.8269129366832259
41,50,0.7222951343527272,0.14107657590580225
41,40,0.7222951343527272,1.847601761752748
41,30,0.7222951343527272,0.8269129366832259
42,50,0.7222951343527272,0.14107657590580225
42,40,0.7222951343527272,1.847601761752748
42,30,0.7222951343527272,0.8269129366832259
43,50,0.7222951343527272,0.14107657590580225
43,40,0.7222951343527272,1.847601761752748
43,30,0.7222951343527272,0.8269129366832259
44,50,0.7222951343527272,0.14107657590580225
44,40,0.7222951343527272,1.847601761752748
44,30,0.7222951343527272,0.8269129366832259
45,50,0.7222951343527272,0.5823489095786198
45,40,0.7222951343527272,1.8879624834531703
45,30,0.7222951343527272,0.8284192807929757
46,50,0.7222951343527272,0.5823489095786198
46,40,0.7222951343527272,1.8879624834531703
46,30,0.7222951343527272,0.8284192807929757
47,50,0.7222951343527272,-0.1391254445677224
47,40,0.7222951343527272,1.6622465314549333
47,30,0.7222951343527272,0.7761461407141192
48,50,0.7222951343527272,0.13072464820429633
48,40,0.7222951343527272,1.718400655086893
48,30,0.7222951343527272,0.7761461407141192
49,50,0.7222951343527272,-0.241227961608223
49,40,0.7222951343527272,1.7126646058060895
49,30,0.7222951343527272,0.7716912346924604
50,50,0.7222951343527272,-0.241227961608223
50,40,0.7222951343527272,1.7126646058060895
50,30,0.7222951343527272,0.7716912346924604
51,50,0.7222951343527272,-0.241227961608223
51,40,0.7222951343527272,1.7126646058060895
51,30,0.7222951343527272,0.7716912346924604
52,50,0.7222951343527272,-0.2532288499912452
52,40,0.7222951343527272,-0.247596180806953
52,30,0.7222951343527272,0.7724340448982486
53,50,0.7222951343527272,0.12169961161257822
53,40,0.7222951343527272,0.16480539102533323
53,30,0.7222951343527272,0.9284126279102038
54,50,0.7222951343527272,0.12030629191250197
54,40,0.7222951343527272,0.16392785888453115
54,30,0.7222951343527272,0.9259651850856386
55,50,0.7222951343527272,0.12030629191250197
55,40,0.7222951343527272,0.16392785888453115
55,30,0.7222951343527272,0.9259651850856386
56,50,0.7222951343527272,0.11258052731772343
56,40,0.7222951343527272,0.15785368004695413
56,30,0.7222951343527272,0.9248208900171375
57,50,0.7222951343527272,0.1871090314556432
57,40,0.7222951343527272,-0.040757414202915086
57,30,0.7222951343527272,1.91388927725826
58,50,0.7222951343527272,0.1871090314556432
58,40,0.7222951343527272,-0.040757414202915086
58,30,0.7222951343527272,1.91388927725826
59,50,0.7222951343527272,0.1871090314556432
59,40,0.7222951343527272,-0.040757414202915086
59,30,0.7222951343527272,1.91388927725826
60,50,0.7222951343527272,0.15096339899215508
60,40,0.7222951343527272,1.7158430829424702
60,30,0.7222951343527272,1.9247138547146798
61,50,0.7222951343527272,1.7488260284879331
61,40,0.7222951343527272,0.340518826789433
61,30,0.7222951343527272,1.9247138547146798
62,50,0.7222951343527272,1.548719752306005
62,40,0.7222951343527272,0.6428720929663482
62,30,0.7222951343527272,1.9254067965268913
63,50,0.7222951343527272,1.548719752306005
63,40,0.7222951343527272,0.6428720929663482
63,30,0.7222951343527272,1.9254067965268913
64,50,0.7222951343527272,1.7157695614970787
64,40,0.7222951343527272,1.4487772336645095
64,30,0.7222951343527272,1.9182257209670677
65,50,0.7222951343527272,1.0707751869275934
65,40,0.7222951343527272,1.3186732289161986
65,30,0.7222951343527272,1.1078719098493544
66,50,0.7222951343527272,1.0707751869275934
66,40,0.7222951343527272,1.3186732289161986
66,30,0.7222951343527272,1.1078719098493544
67,50,0.7222951343527272,1.0707751869275934
67,40,0.7222951343527272,1.3186732289161986
67,30,0.7222951343527272,1.1078719098493544
68,50,0.7222951343527272,1.0707751869275934
68,40,0.7222951343527272,1.3186732289161986
68,30,0.7222951343527272,1.1078719098493544
69,50,0.7222951343527272,1.30765397994013
69,40,0.7222951343527272,0.7716353254691225
69,30,0.7222951343527272,1.9970226922439887
70,50,0.7222951343527272,1.30765397994013
70,40,0.7222951343527272,0.7716353254691225
70,30,0.7222951343527272,1.9970226922439887
71,50,0.7222951343527272,1.30765397994013
71,40,0.7222951343527272,0.7716353254691225
71,30,0.7222951343527272,1.9970226922439887
72,50,0.7222951343527272,1.18478949384425
72,40,0.7222951343527272,1.480602862759863
72,30,0.7222951343527272,-0.4107002762023269
73,50,0.7222951343527272,1.4951141618888228
73,40,0.7222951343527272,0.15039669385102614
73,30,0.7222951343527272,-0.4107002762023269
74,50,0.7222951343527272,1.4951141618888228
74,40,0.7222951343527272,0.15039669385102614
74,30,0.7222951343527272,-0.4107002762023269
75,50,0.7222951343527272,1.6531781384683808
75,40,0.7222951343527272,-0.29523783943777554
75,30,0.7222951343527272,1.687613718649342
76,50,0.7222951343527272,1.0932952106068494
76,40,0.7222951343527272,0.6364701715344363
76,30,0.7222951343527272,1.4197352791647089
77,50,0.7222951343527272,1.598879491288659
77,40,0.7222951343527272,0.7140588745275213
77,30,0.7222951343527272,1.6586494721844083
78,50,0.7222951343527272,1.598879491288659
78,40,0.7222951343527272,0.7140588745275213
78,30,0.7222951343527272,1.6648413958093151
79,50,0.7222951343527272,1.598879491288659
79,40,0.7222951343527272,0.7140588745275213
79,30,0.7222951343527272,1.6648413958093151
80,50,0.7222951343527272,1.598879491288659
80,40,0.7222951343527272,0.7140588745275213
80,30,0.7222951343527272,1.6648413958093151
81,50,0.7222951343527272,1.6084051960219001
81,40,0.7222951343527272,0.788937044165593
81,30,0.7222951343527272,1.5547244475077973
82,50,0.7222951343527272,1.6064390527104855
82,40,0.7222951343527272,0.7885306534993927
82,30,0.7222951343527272,1.5576483536454862
83,50,0.7222951343527272,1.6064390527104855
83,40,0.7222951343527272,0.7885306534993927
83,30,0.7222951343527272,1.5576483536454862
84,50,0.7222951343527272,1.6064390527104855
84,40,0.7222951343527272,0.7885306534993927
84,30,0.7222951343527272,1.5576483536454862
85,50,0.7222951343527272,1.6064390527104855
85,40,0.7222951343527272,0.7885306534993927
85,30,0.7222951343527272,1.5576483536454862
86,50,0.7222951343527272,1.9190258562676872
86,40,0.7222951343527272,0.7885306534993927
86,30,0.7222951343527272,-0.3157775315027207
87,50,0.7222951343527272,1.8489107456653011
87,40,0.7222951343527272,1.992478671676526
87,30,0.7222951343527272,1.913367278671616
88,50,0.7222951343527272,1.8242274167419639
88,40,0.7222951343527272,1.9327403683657174
88,30,0.7222951343527272,1.8188377000357625
89,50,0.7222951343527272,1.8873026928405
89,40,0.7222951343527272,1.999373635908701
89,30,0.7222951343527272,1.7385622533406722
90,50,0.7222951343527272,1.896360701650559
90,40,0.7222951343527272,1.85336767275931
90,30,0.7222951343527272,1.8843813322072307
91,50,0.7222951343527272,1.8695849551124042
91,40,0.7222951343527272,1.9798820912580029
91,30,0.7222951343527272,-0.32482336389232563
92,50,0.7222951343527272,1.8849704595754069
92,40,0.7222951343527272,1.9757590962707294
92,30,0.7222951343527272,-0.32197308692551785
93,50,0.7222951343527272,1.8840157563062274
93,40,0.7222951343527272,1.9770164288489163
93,30,0.7222951343527272,-0.32197308692551785
94,50,0.7222951343527272,1.768833281320662
94,40,0.7222951343527272,1.8081459696437059
94,30,0.7222951343527272,1.9180893749123498
95,50,0.7222951343527272,1.768833281320662
95,40,0.7222951343527272,1.8081459696437059
95,30,0.7222951343527272,1.9180893749123498
96,50,0.7222951343527272,1.768833281320662
96,40,0.7222951343527272,1.8081459696437059
96,30,0.7222951343527272,1.9180893749123498
97,50,0.7222951343527272,1.8244704983067976
97,40,0.7222951343527272,1.8230787483216269
97,30,0.7222951343527272,1.7364641678467754
98,50,0.7222951343527272,1.4922673481594335
98,40,0.7222951343527272,1.892936291193786
98,30,0.7222951343527272,1.7364641678467754
99,50,0.7222951343527272,1.7683421962533352
99,40,0.7222951343527272,1.2844637475098981
99,30,0.7222951343527272,1.5915114575436102
100,50,0.7222951343527272,1.743532853491494
100,40,0.7222951343527272,1.5207437359836466
100,30,0.7222951343527272,1.364289509843215
101,50,0.7222951343527272,1.743532853491494
101,40,0.7222951343527272,1.5207437359836466
101,30,0.7222951343527272,1.364289509843215
102,50,0.7222951343527272,1.0762031434538046
102,40,0.7222951343527272,1.6191272655482638
102,30,0.7222951343527272,1.48615641655065
103,50,0.7222951343527272,1.0762031434538046
103,40,0.7222951343527272,1.6191272655482638
103,30,0.7222951343527272,1.48615641655065
104,50,0.7222951343527272,1.0762031434538046
104,40,0.7222951343527272,1.6191272655482638
104,30,0.7222951343527272,1.48615641655065
105,50,0.7222951343527272,2.030740525777135
105,40,0.7222951343527272,1.8383220380403036
105,30,0.7222951343527272,-0.45955084410817115
106,50,0.7222951343527272,1.9648242168710621
106,40,0.7222951343527272,1.7845512286037764
106,30,0.7222951343527272,-0.7122724783757908
107,50,0.7222951343527272,1.950890208519047
107,40,0.7222951343527272,1.7849104805538885
107,30,0.7222951343527272,-0.4270791137735799
108,50,0.7222951343527272,1.7354445229156397
108,40,0.7222951343527272,1.8548511086395585
108,30,0.7222951343527272,-0.4270791137735799
109,50,0.7222951343527272,1.7354445229156397
109,40,0.7222951343527272,1.8548511086395585
109,30,0.7222951343527272,-0.4270791137735799
110,50,0.7222951343527272,1.7354445229156397
110,40,0.7222951343527272,1.8548511086395585
110,30,0.7222951343527272,-0.4270791137735799
111,50,0.7222951343527272,1.7354445229156397
111,40,0.7222951343527272,1.8548511086395585
111,30,0.7222951343527272,-0.4270791137735799
112,50,0.7222951343527272,1.8571522538519525
112,40,0.7222951343527272,1.8548511086395585
112,30,0.7222951343527272,-0.4270791137735799
113,50,0.7222951343527272,1.8571522538519525
113,40,0.7222951343527272,1.8548511086395585
113,30,0.7222951343527272,-0.6681171406113182
114,50,0.7222951343527272,1.8571522538519525
114,40,0.7222951343527272,1.8548511086395585
114,30,0.7222951343527272,-0.6681171406113182
115,50,0.7222951343527272,1.8571522538519525
115,40,0.7222951343527272,1.8548511086395585
115,30,0.7222951343527272,-0.6681171406113182
116,50,0.7222951343527272,1.7204463647557753
116,40,0.7222951343527272,1.8404125061774579
116,30,0.7222951343527272,-0.6674463923712738
117,50,0.7222951343527272,1.718376980136962
117,40,0.7222951343527272,1.8381688290609874
117,30,0.7222951343527272,-0.6669964862460007
118,50,0.7222951343527272,1.718376980136962
118,40,0.7222951343527272,1.8381688290609874
118,30,0.7222951343527272,-0.6669964862460007
119,50,0.7222951343527272,1.718376980136962
119,40,0.7222951343527272,1.8381688290609874
119,30,0.7222951343527272,-0.6669964862460007
120,50,0.7222951343527272,1.718376980136962
120,40,0.7222951343527272,1.8381688290609874
120,30,0.7222951343527272,-0.6669964862460007
121,50,0.7222951343527272,1.8115399070640292
121,40,0.7222951343527272,1.838147866659671
121,30,0.7222951343527272,-0.6669964862460007
122,50,0.7222951343527272,1.8115399070640292
122,40,0.7222951343527272,1.838147866659671
122,30,0.7222951343527272,-0.6669964862460007
123,50,0.7222951343527272,1.8115399070640292
123,40,0.7222951343527272,1.838147866659671
123,30,0.7222951343527272,-0.6669964862460007
124,50,0.7222951343527272,1.8115399070640292
124,40,0.7222951343527272,1.838147866659671
124,30,0.7222951343527272,-0.6669964862460007
125,50,0.7222951343527272,1.8115399070640292
125,40,0.7222951343527272,1.838147866659671
125,30,0.7222951343527272,-0.6669964862460007
126,50,0.7222951343527272,1.8115399070640292
126,40,0.7222951343527272,1.838147866659671
126,30,0.7222951343527272,-0.6669964862460007
127,50,0.7222951343527272,1.6426559016276923
127,40,0.7222951343527272,1.429793222520776
127,30,0.7222951343527272,0.24202086755799024
128,50,0.7222951343527272,1.6426559016276923
128,40,0.7222951343527272,1.429793222520776
128,30,0.7222951343527272,0.24202086755799024
129,50,0.7222951343527272,1.6523670371285035
129,40,0.7222951343527272,1.7178976146967786
129,30,0.7222951343527272,0.24202086755799024
130,50,0.7222951343527272,1.6523670371285035
130,40,0.7222951343527272,1.7178976146967786
130,30,0.7222951343527272,0.24202086755799024
131,50,0.7222951343527272,1.9246356514060219
131,40,0.7222951343527272,1.3774197435279465
131,30,0.7222951343527272,-0.26291116494348993
132,50,0.7222951343527272,1.8787240930945495
132,40,0.7222951343527272,1.3856250599498354
132,30,0.7222951343527272,-0.24858937822913857
133,50,0.7222951343527272,1.9339211646436272
133,40,0.7222951343527272,1.3975169879417433
133,30,0.7222951343527272,-0.5346545016148092
134,50,0.7222951343527272,1.9757256989297507
134,40,0.7222951343527272,0.06254511307433408
134,30,0.7222951343527272,-0.5346545016148092
135,50,0.7222951343527272,1.9757256989297507
135,40,0.7222951343527272,0.06254511307433408
135,30,0.7222951343527272,-0.5346545016148092
136,50,0.7222951343527272,1.9891499647920918
136,40,0.7222951343527272,0.057764441980127146
136,30,0.7222951343527272,-0.5362978557747702
137,50,0.7222951343527272,1.9749782647113232
137,40,0.7222951343527272,1.460388867942415
137,30,0.7222951343527272,-0.5308598189525526
138,50,0.7222951343527272,1.9749782647113232
138,40,0.7222951343527272,1.460388867942415
138,30,0.7222951343527272,-0.5308598189525526
139,50,0.7222951343527272,1.9749782647113232
139,40,0.7222951343527272,1.460388867942415
139,30,0.7222951343527272,-0.5308598189525526
140,50,0.7222951343527272,1.9749782647113232
140,40,0.7222951343527272,1.460388867942415
140,30,0.7222951343527272,-0.01585597489469383
141,50,0.7222951343527272,1.9749782647113232
141,40,0.7222951343527272,1.460388867942415
141,30,0.7222951343527272,-0.01585597489469383
142,50,0.7222951343527272,1.7048293745684993
142,40,0.7222951343527272,-0.41921412162046434
142,30,0.7222951343527272,0.7640179965639806
143,50,0.7222951343527272,1.7048293745684993
143,40,0.7222951343527272,-0.41921412162046434
143,30,0.7222951343527272,0.7640179965639806
144,50,0.7222951343527272,1.7048293745684993
144,40,0.7222951343527272,-0.41921412162046434
144,30,0.7222951343527272,0.7640179965639806
145,50,0.7222951343527272,1.7048293745684993
145,40,0.7222951343527272,-0.41921412162046434
145,30,0.7222951343527272,0.7640179965639806
146,50,0.7222951343527272,1.6907451045801767
146,40,0.7222951343527272,-0.547338116707798
146,30,0.7222951343527272,1.07185492011652
147,50,0.7222951343527272,1.9017753163508737
147,40,0.7222951343527272,-0.547338116707798
147,30,0.7222951343527272,1.07185492011652
148,50,0.7222951343527272,1.7036577103097634
148,40,0.7222951343527272,2.0573313329207203
148,30,0.7222951343527272,1.692474551870426
149,50,0.7222951343527272,1.873761727987353
149,40,0.7222951343527272,1.9440856692240374
149,30,0.7222951343527272,1.6979907434283263
150,50,0.7222951343527272,1.5178925184098218
150,40,0.7222951343527272,2.0437244440685145
150,30,0.7222951343527272,1.6695119259222446
151,50,0.7222951343527272,1.5178958357746777
151,40,0.7222951343527272,2.0437008850774383
151,30,0.7222951343527272,1.6694917576123
152,50,0.7222951343527272,1.5178958357746777
152,40,0.7222951343527272,2.0437008850774383
152,30,0.7222951343527272,1.6694917576123
153,50,0.7222951343527272,1.5178958357746777
153,40,0.7222951343527272,2.0437008850774383
153,30,0.7222951343527272,1.6694917576123
154,50,0.7222951343527272,1.883036297691136
154,40,0.7222951343527272,2.0437291268570767
154,30,0.7222951343527272,1.6694917576123
155,50,0.7222951343527272,1.6608822677342088
155,40,0.7222951343527272,1.913186270971966
155,30,0.7222951343527272,1.688470703192189
156,50,0.7222951343527272,1.6076652582866646
156,40,0.7222951343527272,1.913186270971966
156,30,0.7222951343527272,1.688470703192189
157,50,0.7222951343527272,1.6076652582866646
157,40,0.7222951343527272,1.913186270971966
157,30,0.7222951343527272,1.688470703192189
158,50,0.7222951343527272,1.6076652582866646
158,40,0.7222951343527272,1.913186270971966
158,30,0.7222951343527272,1.688470703192189
159,50,0.7222951343527272,1.6076652582866646
159,40,0.7222951343527272,1.913186270971966
159,30,0.7222951343527272,1.688470703192189
160,50,0.7222951343527272,1.6076652582866646
160,40,0.7222951343527272,1.913186270971966
160,30,0.7222951343527272,1.688470703192189
161,50,0.7222951343527272,1.6076652582866646
161,40,0.7222951343527272,1.913186270971966
161,30,0.7222951343527272,1.688470703192189
162,50,0.7222951343527272,1.6609109878969077
162,40,0.7222951343527272,2.04896329176024
162,30,0.7222951343527272,1.7050762041438574
163,50,0.7222951343527272,1.6609109878969077
163,40,0.7222951343527272,2.04896329176024
163,30,0.7222951343527272,1.7050762041438574
164,50,0.7222951343527272,1.6609109878969077
164,40,0.7222951343527272,2.04896329176024
164,30,0.7222951343527272,1.7050762041438574
165,50,0.7222951343527272,1.6223139020618813
165,40,0.7222951343527272,2.04896329176024
165,30,0.7222951343527272,1.7050762041438574
166,50,0.7222951343527272,1.6223139020618813
166,40,0.7222951343527272,2.04896329176024
166,30,0.7222951343527272,1.7050762041438574
167,50,0.7222951343527272,1.8826611025608662
167,40,0.7222951343527272,2.0307596678704902
167,30,0.7222951343527272,1.7050762041438574
168,50,0.7222951343527272,1.8826611025608662
168,40,0.7222951343527272,2.0307596678704902
168,30,0.7222951343527272,1.7050762041438574
169,50,0.7222951343527272,1.8826611025608662
169,40,0.7222951343527272,2.0307596678704902
169,30,0.7222951343527272,1.7050762041438574
170,50,0.7222951343527272,1.8826581075664346
170,40,0.7222951343527272,2.0307596678704902
170,30,0.7222951343527272,1.7050762041438574
171,50,0.7222951343527272,1.6840743671803073
171,40,0.7222951343527272,1.8074086001198975
171,30,0.7222951343527272,2.013659246244449
172,50,0.7222951343527272,1.5937202873755627
172,40,0.7222951343527272,1.8399824039859909
172,30,0.7222951343527272,1.6730265023373248
173,50,0.7222951343527272,1.7371199571197178
173,40,0.7222951343527272,1.7403502454654716
173,30,0.7222951343527272,1.4827578155708776
174,50,0.7222951343527272,1.9229570061289625
174,40,0.7222951343527272,1.7403502454654716
174,30,0.7222951343527272,1.4827578155708776
175,50,0.7222951343527272,1.4334370395444063
175,40,0.7222951343527272,1.987540610543918
175,30,0.7222951343527272,1.964127624890942
176,50,0.7222951343527272,1.8902465244505209
176,40,0.7222951343527272,1.987540610543918
176,30,0.7222951343527272,1.964127624890942
177,50,0.7222951343527272,1.8902465244505209
177,40,0.7222951343527272,1.987540610543918
177,30,0.7222951343527272,1.964127624890942
178,50,0.7222951343527272,1.8902465244505209
178,40,0.7222951343527272,1.987540610543918
178,30,0.7222951343527272,1.964127624890942
179,50,0.7222951343527272,1.8902465244505209
179,40,0.7222951343527272,1.987540610543918
179,30,0.7222951343527272,1.964127624890942
180,50,0.7222951343527272,1.1933016787112083
180,40,0.7222951343527272,0.8676915770656682
180,30,0.7222951343527272,1.2978586137764023
181,50,0.7222951343527272,1.1844003717397251
181,40,0.7222951343527272,0.854622533278326
181,30,0.7222951343527272,1.2945320762521524
182,50,0.7222951343527272,1.1844003717397251
182,40,0.7222951343527272,0.854622533278326
182,30,0.7222951343527272,1.2945320762521524
183,50,0.7222951343527272,0.7366737065911556
183,40,0.7222951343527272,1.3376434764080056
183,30,0.7222951343527272,0.9307870361223773
184,50,0.7222951343527272,0.7366737065911556
184,40,0.7222951343527272,1.3376434764080056
184,30,0.7222951343527272,0.9307870361223773
185,50,0.7222951343527272,0.7366737065911556
185,40,0.7222951343527272,1.3376434764080056
185,30,0.7222951343527272,0.9307870361223773
186,50,0.7222951343527272,0.7366737065911556
186,40,0.7222951343527272,1.3376434764080056
186,30,0.7222951343527272,0.9307870361223773
187,50,0.7222951343527272,-0.5526607851491255
187,40,0.7222951343527272,1.071836251265073
187,30,0.7222951343527272,0.9307870361223773
188,50,0.7222951343527272,-0.5526607851491255
188,40,0.7222951343527272,1.071836251265073
188,30,0.7222951343527272,0.9307870361223773
189,50,0.7222951343527272,-0.5526607851491255
189,40,0.7222951343527272,1.071836251265073
189,30,0.7222951343527272,0.9307870361223773
190,50,0.7222951343527272,-0.5526607851491255
190,40,0.7222951343527272,1.071836251265073
190,30,0.7222951343527272,0.9307870361223773
191,50,0.7222951343527272,-0.5526607851491255
191,40,0.7222951343527272,1.071836251265073
191,30,0.7222951343527272,0.9307870361223773
192,50,0.7222951343527272,-0.5526607851491255
192,40,0.7222951343527272,1.071836251265073
192,30,0.7222951343527272,0.9307870361223773
193,50,0.7222951343527272,-0.5526607851491255
193,40,0.7222951343527272,1.071836251265073
193,30,0.7222951343527272,0.9307870361223773
194,50,0.7222951343527272,0.8175447489207126
194,40,0.7222951343527272,1.0647418290054262
194,30,0.7222951343527272,0.9307870361223773
195,50,0.7222951343527272,0.9625221220504824
195,40,0.7222951343527272,0.9972626905107087
195,30,0.7222951343527272,0.7484977935478856
196,50,0.7222951343527272,1.0121406672150035
196,40,0.7222951343527272,0.525033986690442
196,30,0.7222951343527272,0.5700879542347723
197,50,0.7222951343527272,-0.5909904828985648
197,40,0.7222951343527272,0.924746269915842
197,30,0.7222951343527272,1.7386241645829916
198,50,0.7222951343527272,-0.5909904828985648
198,40,0.7222951343527272,0.924746269915842
198,30,0.7222951343527272,1.7386241645829916
199,50,0.7222951343527272,-0.5909904828985648
199,40,0.7222951343527272,0.924746269915842
199,30,0.7222951343527272,1.7386241645829916
200,50,0.7222951343527272,-0.5909904828985648
200,40,0.7222951343527272,0.924746269915842
200,30,0.7222951343527272,1.7386241645829916
201,50,0.7222951343527272,-0.5909904828985648
201,40,0.7222951343527272,0.924746269915842
201,30,0.7222951343527272,1.7386241645829916
202,50,0.7222951343527272,-0.5909904828985648
202,40,0.7222951343527272,0.924746269915842
202,30,0.7222951343527272,1.7386241645829916
203,50,0.7222951343527272,-0.5864819038778872
203,40,0.7222951343527272,0.8836988055556275
203,30,0.7222951343527272,1.142817943924785
204,50,0.7222951343527272,-0.5864819038778872
204,40,0.7222951343527272,0.8836988055556275
204,30,0.7222951343527272,1.142817943924785
205,50,0.7222951343527272,-0.5864819038778872
205,40,0.7222951343527272,0.8836988055556275
205,30,0.7222951343527272,1.142817943924785
206,50,0.7222951343527272,-0.586601242852731
206,40,0.7222951343527272,0.8837202439901938
206,30,0.7222951343527272,1.142817943924785
207,50,0.7222951343527272,-0.586601242852731
207,40,0.7222951343527272,0.8837202439901938
207,30,0.7222951343527272,1.142817943924785
208,50,0.7222951343527272,-0.586601242852731
208,40,0.7222951343527272,0.8837202439901938
208,30,0.7222951343527272,1.142817943924785
209,50,0.7222951343527272,-0.586601242852731
209,40,0.7222951343527272,0.8837202439901938
209,30,0.7222951343527272,1.142817943924785
210,50,0.7222951343527272,-0.586601242852731
210,40,0.7222951343527272,0.8837202439901938
210,30,0.7222951343527272,1.142817943924785
211,50,0.7222951343527272,-0.586601242852731
211,40,0.7222951343527272,0.8837202439901938
211,30,0.7222951343527272,1.142817943924785
212,50,0.7222951343527272,-0.586601242852731
212,40,0.7222951343527272,0.8837202439901938
212,30,0.7222951343527272,1.142817943924785
213,50,0.7222951343527272,0.33545428940595856
213,40,0.7222951343527272,0.8837202439901938
213,30,0.7222951343527272,1.142817943924785
214,50,0.7222951343527272,0.33545428940595856
214,40,0.7222951343527272,0.8837202439901938
214,30,0.7222951343527272,1.142817943924785
215,50,0.7222951343527272,1.128259899129563
215,40,0.7222951343527272,1.0319732917748166
215,30,0.7222951343527272,1.1277520337682279
216,50,0.7222951343527272,0.8761704236554295
216,40,0.7222951343527272,1.13967716562112
216,30,0.7222951343527272,1.2030222303532907
217,50,0.7222951343527272,1.0755757135597943
217,40,0.7222951343527272,1.0938918744375423
217,30,0.7222951343527272,1.5117994630015166
218,50,0.7222951343527272,1.0755757135597943
218,40,0.7222951343527272,1.0938918744375423
218,30,0.7222951343527272,1.5117994630015166
219,50,0.7222951343527272,1.0774971064594794
219,40,0.7222951343527272,1.09691037040269
219,30,0.7222951343527272,1.508198880901869
220,50,0.7222951343527272,0.7203959557215445
220,40,0.7222951343527272,1.1679066002093914
220,30,0.7222951343527272,1.508198880901869
221,50,0.7222951343527272,0.7203959557215445
221,40,0.7222951343527272,1.1679066002093914
221,30,0.7222951343527272,1.508198880901869
222,50,0.7222951343527272,0.7203959557215445
222,40,0.7222951343527272,1.1679066002093914
222,30,0.7222951343527272,1.508198880901869
223,50,0.7222951343527272,0.6487590851377704
223,40,0.7222951343527272,-0.5502650966111794
223,30,0.7222951343527272,-0.5270934313473296
224,50,0.7222951343527272,0.951210217624279
224,40,0.7222951343527272,-0.7955174894489151
224,30,0.7222951343527272,-0.5270934313473296
225,50,0.7222951343527272,0.951210217624279
225,40,0.7222951343527272,-0.7955174894489151
225,30,0.7222951343527272,-0.5270934313473296
226,50,0.7222951343527272,0.951210217624279
226,40,0.7222951343527272,-0.7955174894489151
226,30,0.7222951343527272,-0.5270934313473296
227,50,0.7222951343527272,0.947137199938298
227,40,0.7222951343527272,-0.7957141527283031
227,30,0.7222951343527272,-0.526774900403276
228,50,0.7222951343527272,0.9453683471925454
228,40,0.7222951343527272,-0.7957141527283031
228,30,0.7222951343527272,-0.526774900403276
229,50,0.7222951343527272,0.7257037222298278
229,40,0.7222951343527272,1.4704463447272251
229,30,0.7222951343527272,1.1222273892760943
230,50,0.7222951343527272,0.7257037222298278
230,40,0.7222951343527272,1.4704463447272251
230,30,0.7222951343527272,1.1222273892760943
231,50,0.7222951343527272,0.9185221333339294
231,40,0.7222951343527272,1.4034346197347238
231,30,0.7222951343527272,0.9581908108757604
232,50,0.7222951343527272,0.9183097946973117
232,40,0.7222951343527272,1.4032039982066953
232,30,0.7222951343527272,0.9580276691936167
233,50,0.7222951343527272,0.9183097946973117
233,40,0.7222951343527272,1.4032039982066953
233,30,0.7222951343527272,0.9580276691936167
234,50,0.7222951343527272,1.2565937173682327
234,40,0.7222951343527272,0.026906096600405164
234,30,0.7222951343527272,1.178683940109697
235,50,0.7222951343527272,1.2565937173682327
235,40,0.7222951343527272,0.026906096600405164
235,30,0.7222951343527272,1.178683940109697
236,50,0.7222951343527272,1.3300571703503505
236,40,0.7222951343527272,1.1828674662092153
236,30,0.7222951343527272,-0.01926899037117297
237,50,0.7222951343527272,0.793876229825849
237,40,0.7222951343527272,1.1689553963386994
237,30,0.7222951343527272,1.1150574248297895
238,50,0.7222951343527272,0.793876229825849
238,40,0.7222951343527272,1.1689553963386994
238,30,0.7222951343527272,1.1150574248297895
239,50,0.7222951343527272,0.793876229825849
239,40,0.7222951343527272,1.1689553963386994
239,30,0.7222951343527272,1.1150574248297895
240,50,0.7222951343527272,0.7940721776053512
240,40,0.7222951343527272,1.169155777902849
240,30,0.7222951343527272,1.115233668692247
241,50,0.7222951343527272,0.7940721776053512
241,40,0.7222951343527272,1.169155777902849
241,30,0.7222951343527272,1.115233668692247
242,50,0.7222951343527272,1.190012945994975
242,40,0.7222951343527272,1.1162511699593853
242,30,0.7222951343527272,1.115233668692247
243,50,0.7222951343527272,0.9196512503776677
243,40,0.7222951343527272,1.4770274022337608
243,30,0.7222951343527272,0.9432573249500851
244,50,0.7222951343527272,0.9196512503776677
244,40,0.7222951343527272,1.4770274022337608
244,30,0.7222951343527272,0.9432573249500851
245,50,0.7222951343527272,1.2137150809270232
245,40,0.7222951343527272,0.9695020133396557
245,30,0.7222951343527272,-0.12260270306101025
246,50,0.7222951343527272,1.2137150809270232
246,40,0.7222951343527272,0.9695020133396557
246,30,0.7222951343527272,-0.12260270306101025
247,50,0.7222951343527272,1.1788853128405323
247,40,0.7222951343527272,1.085733928153356
247,30,0.7222951343527272,1.1982545268841676
248,50,0.7222951343527272,1.1832690641709256
248,40,0.7222951343527272,0.7893798159530984
248,30,0.7222951343527272,1.5571976275187818
249,50,0.7222951343527272,1.1832690641709256
249,40,0.7222951343527272,0.7893798159530984
249,30,0.7222951343527272,1.5571976275187818
250,50,0.7222951343527272,0.8704851343870249
250,40,0.7222951343527272,-0.1353441824518397
250,30,0.7222951343527272,-0.5230785726883229
251,50,0.7222951343527272,0.8704851343870249
251,40,0.7222951343527272,-0.1353441824518397
251,30,0.7222951343527272,-0.5230785726883229
252,50,0.7222951343527272,0.8705220128992421
252,40,0.7222951343527272,-0.13525698047157866
252,30,0.7222951343527272,-0.522988392964981
253,50,0.7222951343527272,0.8705220128992421
253,40,0.7222951343527272,-0.13525698047157866
253,30,0.7222951343527272,-0.522988392964981
254,50,0.7222951343527272,0.8705220128992421
254,40,0.7222951343527272,-0.13525698047157866
254,30,0.7222951343527272,-0.522988392964981
255,50,0.7222951343527272,0.8705220128992421
255,40,0.7222951343527272,-0.13525698047157866
255,30,0.7222951343527272,-0.522988392964981
256,50,0.7222951343527272,0.8705220128992421
256,40,0.7222951343527272,-0.13525698047157866
256,30,0.7222951343527272,-0.522988392964981
257,50,0.7222951343527272,0.8705220128992421
257,40,0.7222951343527272,-0.13525698047157866
257,30,0.7222951343527272,-0.522988392964981
258,50,0.7222951343527272,0.8705220128992421
258,40,0.7222951343527272,-0.13525698047157866
258,30,0.7222951343527272,-0.522988392964981
259,50,0.7222951343527272,0.8705220128992421
259,40,0.7222951343527272,-0.13525698047157866
259,30,0.7222951343527272,-0.522988392964981
260,50,0.7222951343527272,0.8705220128992421
260,40,0.7222951343527272,-0.13525698047157866
260,30,0.7222951343527272,-0.522988392964981
261,50,0.7222951343527272,0.9176579513490102
261,40,0.7222951343527272,1.1687664664480708
261,30,0.7222951343527272,-0.2549573217911798
262,50,0.7222951343527272,0.9176579513490102
262,40,0.7222951343527272,1.1687664664480708
262,30,0.7222951343527272,-0.2549573217911798
263,50,0.7222951343527272,0.9176579513490102
263,40,0.7222951343527272,1.1687664664480708
263,30,0.7222951343527272,-0.2549573217911798
264,50,0.7222951343527272,0.9976844138617124
264,40,0.7222951343527272,0.7690594959274771
264,30,0.7222951343527272,-0.3057051661936712
265,50,0.7222951343527272,0.9976844138617124
265,40,0.7222951343527272,0.7690594959274771
265,30,0.7222951343527272,-0.3057051661936712
266,50,0.7222951343527272,0.9976844138617124
266,40,0.7222951343527272,0.7690594959274771
266,30,0.7222951343527272,-0.3057051661936712
267,50,0.7222951343527272,0.9976844138617124
267,40,0.7222951343527272,0.7690594959274771
267,30,0.7222951343527272,-0.3057051661936712
268,50,0.7222951343527272,0.9976844138617124
268,40,0.7222951343527272,0.7690594959274771
268,30,0.7222951343527272,-0.3057051661936712
269,50,0.7222951343527272,0.9976844138617124
269,40,0.7222951343527272,0.7690594959274771
269,30,0.7222951343527272,-0.3057051661936712
270,50,0.7222951343527272,1.0808669562941953
270,40,0.7222951343527272,0.01776806966777473
270,30,0.7222951343527272,0.915562669779386
271,50,0.7222951343527272,1.0808669562941953
271,40,0.7222951343527272,0.01776806966777473
271,30,0.7222951343527272,0.915562669779386
272,50,0.7222951343527272,1.0808669562941953
272,40,0.7222951343527272,0.01776806966777473
272,30,0.7222951343527272,0.915562669779386
273,50,0.7222951343527272,1.0590447685291207
273,40,0.7222951343527272,0.3389682409666667
273,30,0.7222951343527272,0.9010366015873832
274,50,0.7222951343527272,1.0590447685291207
274,40,0.7222951343527272,0.3389682409666667
274,30,0.7222951343527272,0.9010366015873832
275,50,0.7222951343527272,1.0590447685291207
275,40,0.7222951343527272,0.3389682409666667
275,30,0.7222951343527272,0.9010366015873832
276,50,0.7222951343527272,1.1062779563430414
276,40,0.7222951343527272,0.9020530194903448
276,30,0.7222951343527272,0.9010366015873832
277,50,0.7222951343527272,1.0219281262421969
277,40,0.7222951343527272,0.9874824123071752
277,30,0.7222951343527272,0.8991741121276372
278,50,0.7222951343527272,1.0219281262421969
278,40,0.7222951343527272,0.9874824123071752
278,30,0.7222951343527272,0.8991741121276372
279,50,0.7222951343527272,1.0219281262421969
279,40,0.7222951343527272,0.9874824123071752
279,30,0.7222951343527272,0.8991741121276372
280,50,0.7222951343527272,0.6815872196903741
280,40,0.7222951343527272,0.9874824123071752
280,30,0.7222951343527272,0.8991741121276372
281,50,0.7222951343527272,1.0138232391646504
281,40,0.7222951343527272,1.0577185430152292
281,30,0.7222951343527272,-0.439121260721086
282,50,0.7222951343527272,1.0138232391646504
282,40,0.7222951343527272,1.0577185430152292
282,30,0.7222951343527272,-0.439121260721086
283,50,0.7222951343527272,1.0138232391646504
283,40,0.7222951343527272,1.0577185430152292
283,30,0.7222951343527272,-0.439121260721086
284,50,0.7222951343527272,1.1383752920438652
284,40,0.7222951343527272,1.0562044447602383
284,30,0.7222951343527272,-0.2954955379174063
285,50,0.7222951343527272,1.1375368370663201
285,40,0.7222951343527272,1.0562044447602383
285,30,0.7222951343527272,-0.2954955379174063
286,50,0.7222951343527272,1.1375368370663201
286,40,0.7222951343527272,1.0562044447602383
286,30,0.7222951343527272,-0.2954955379174063
287,50,0.7222951343527272,1.1375368370663201
287,40,0.7222951343527272,1.0562044447602383
287,30,0.7222951343527272,-0.2954955379174063
288,50,0.7222951343527272,1.1737037756392334
288,40,0.7222951343527272,0.9485470743917137
288,30,0.7222951343527272,1.3014254910446565
289,50,0.7222951343527272,1.1737037756392334
289,40,0.7222951343527272,0.9485470743917137
289,30,0.7222951343527272,1.3014254910446565
290,50,0.7222951343527272,1.1737037756392334
290,40,0.7222951343527272,0.9485470743917137
290,30,0.7222951343527272,1.3014254910446565
291,50,0.7222951343527272,1.1737037756392334
291,40,0.7222951343527272,0.9485470743917137
291,30,0.7222951343527272,1.3014254910446565
292,50,0.7222951343527272,1.1737037756392334
292,40,0.7222951343527272,0.9485470743917137
292,30,0.7222951343527272,1.3014254910446565
293,50,0.7222951343527272,-0.2318070943480379
293,40,0.7222951343527272,-0.32090709709951803
293,30,0.7222951343527272,1.0206830673270684
294,50,0.7222951343527272,-0.23028892841848794
294,40,0.7222951343527272,-0.32070171610993486
294,30,0.7222951343527272,1.0193550905198585
295,50,0.7222951343527272,1.003127030106126
295,40,0.7222951343527272,1.3471000415689793
295,30,0.7222951343527272,1.333191989670534
296,50,0.7222951343527272,1.003127030106126
296,40,0.7222951343527272,1.3471000415689793
296,30,0.7222951343527272,1.333191989670534
297,50,0.7222951343527272,1.003127030106126
297,40,0.7222951343527272,1.3471000415689793
297,30,0.7222951343527272,1.333191989670534
298,50,0.7222951343527272,0.9522785488204062
298,40,0.7222951343527272,-0.33572862116817603
298,30,0.7222951343527272,1.333191989670534
299,50,0.7222951343527272,0.9522785488204062
299,40,0.7222951343527272,-0.33572862116817603
299,30,0.7222951343527272,1.174203759086164
300,50,0.7222951343527272,0.9522785488204062
300,40,0.7222951343527272,-0.33572862116817603
300,30,0.7222951343527272,1.174203759086164
301,50,0.7222951343527272,0.9522785488204062
301,40,0.7222951343527272,-0.33572862116817603
301,30,0.7222951343527272,0.9199424674012233
302,50,0.7222951343527272,1.318310037011211
302,40,0.7222951343527272,0.8000331028315282
302,30,0.7222951343527272,1.3469806227333887
303,50,0.7222951343527272,1.3167355629627342
303,40,0.7222951343527272,0.8002538825396207
303,30,0.7222951343527272,1.3433922427858869
304,50,0.7222951343527272,1.3167355629627342
304,40,0.7222951343527272,0.8002538825396207
304,30,0.7222951343527272,1.3433922427858869
305,50,0.7222951343527272,1.3167355629627342
305,40,0.7222951343527272,0.8002538825396207
305,30,0.7222951343527272,1.3433922427858869
306,50,0.7222951343527272,1.3508906694539133
306,40,0.7222951343527272,1.424465050168584
306,30,0.7222951343527272,1.2897012328515967
307,50,0.7222951343527272,1.3063240150887714
307,40,0.7222951343527272,1.3769054783035766
307,30,0.7222951343527272,1.2444339507082134
308,50,0.7222951343527272,1.3063240150887714
308,40,0.7222951343527272,1.3769054783035766
308,30,0.7222951343527272,1.3605724171591114
309,50,0.7222951343527272,1.3063240150887714
309,40,0.7222951343527272,1.3769054783035766
309,30,0.7222951343527272,1.3605724171591114
310,50,0.7222951343527272,1.3063240150887714
310,40,0.7222951343527272,1.3769054783035766
310,30,0.7222951343527272,1.3605724171591114
311,50,0.7222951343527272,1.3140975586595527
311,40,0.7222951343527272,1.3845147009792527
311,30,0.7222951343527272,1.3599161180253792
312,50,0.7222951343527272,1.2704267877075222
312,40,0.7222951343527272,0.9895487122733849
312,30,0.7222951343527272,1.3233280673108558
313,50,0.7222951343527272,1.2704267877075222
313,40,0.7222951343527272,0.9895487122733849
313,30,0.7222951343527272,1.3233280673108558
314,50,0.7222951343527272,1.2704267877075222
314,40,0.7222951343527272,0.9895487122733849
314,30,0.7222951343527272,1.3233280673108558
315,50,0.7222951343527272,1.2704267877075222
315,40,0.7222951343527272,0.9895487122733849
315,30,0.7222951343527272,1.3233280673108558
316,50,0.7222951343527272,1.2704267877075222
316,40,0.7222951343527272,0.9895487122733849
316,30,0.7222951343527272,1.3233280673108558
317,50,0.7222951343527272,1.2617495315167033
317,40,0.7222951343527272,0.9895487122733849
317,30,0.7222951343527272,1.3233280673108558
318,50,0.7222951343527272,1.2617495315167033
318,40,0.7222951343527272,0.9895487122733849
318,30,0.7222951343527272,1.3233280673108558
319,50,0.7222951343527272,1.2363969326109376
319,40,0.7222951343527272,0.7174732340639598
319,30,0.7222951343527272,1.3233280673108558
320,50,0.7222951343527272,1.2363969326109376
320,40,0.7222951343527272,0.7174732340639598
320,30,0.7222951343527272,1.321724586367116
321,50,0.7222951343527272,1.237112233954938
321,40,0.7222951343527272,0.7166196276857035
321,30,0.7222951343527272,1.321965804747457
322,50,0.7222951343527272,1.237112233954938
322,40,0.7222951343527272,0.7166196276857035
322,30,0.7222951343527272,1.321965804747457
323,50,0.7222951343527272,1.237112233954938
323,40,0.7222951343527272,0.7166196276857035
323,30,0.7222951343527272,1.321965804747457
324,50,0.7222951343527272,1.0904009679941884
324,40,0.7222951343527272,0.970891892087062
324,30,0.7222951343527272,1.2325821293304813
325,50,0.7222951343527272,0.9492653308348684
325,40,0.7222951343527272,0.7429790356369546
325,30,0.7222951343527272,-0.03866798550994027
326,50,0.7222951343527272,0.9492653308348684
326,40,0.7222951343527272,0.7429790356369546
326,30,0.7222951343527272,-0.03866798550994027
327,50,0.7222951343527272,0.9492653308348684
327,40,0.7222951343527272,0.7429790356369546
327,30,0.7222951343527272,-0.03866798550994027
328,50,0.7222951343527272,0.9492381932538001
328,40,0.7222951343527272,0.742977295851487
328,30,0.7222951343527272,-0.0385465047334914
329,50,0.7222951343527272,0.9492381932538001
329,40,0.7222951343527272,0.742977295851487
329,30,0.7222951343527272,-0.0385465047334914
330,50,0.7222951343527272,1.18840571808494
330,40,0.7222951343527272,0.23075579631891496
330,30,0.7222951343527272,-0.13472326505244045
331,50,0.7222951343527272,1.18840571808494
331,40,0.7222951343527272,0.23075579631891496
331,30,0.7222951343527272,-0.13472326505244045
332,50,0.7222951343527272,1.1037171432140698
332,40,0.7222951343527272,0.6839940070379236
332,30,0.7222951343527272,-0.17001369855197446
333,50,0.7222951343527272,1.1037171432140698
333,40,0.7222951343527272,0.6839940070379236
333,30,0.7222951343527272,-0.17001369855197446
334,50,0.7222951343527272,1.2633003643428218
334,40,0.7222951343527272,1.0118350140459076
334,30,0.7222951343527272,-0.17001369855197446
335,50,0.7222951343527272,1.2633003643428218
335,40,0.7222951343527272,1.0118350140459076
335,30,0.7222951343527272,-0.17001369855197446
336,50,0.7222951343527272,1.2632855159456733
336,40,0.7222951343527272,1.0118251011819648
336,30,0.7222951343527272,-0.17001369855197446
337,50,0.7222951343527272,0.33658033863236847
337,40,0.7222951343527272,0.1047974731883758
337,30,0.7222951343527272,-0.3267344671471143
338,50,0.7222951343527272,0.33658033863236847
338,40,0.7222951343527272,0.1047974731883758
338,30,0.7222951343527272,-0.3267344671471143
339,50,0.7222951343527272,0.33658033863236847
339,40,0.7222951343527272,0.1047974731883758
339,30,0.7222951343527272,-0.3267344671471143
340,50,0.7222951343527272,0.33658033863236847
340,40,0.7222951343527272,0.1047974731883758
340,30,0.7222951343527272,-0.3267344671471143
341,50,0.7222951343527272,1.0747079660085945
341,40,0.7222951343527272,0.1047974731883758
341,30,0.7222951343527272,-0.3267344671471143
342,50,0.7222951343527272,1.1722524075805938
342,40,0.7222951343527272,1.1289147105152275
342,30,0.7222951343527272,1.3826783778511351
343,50,0.7222951343527272,1.1722524075805938
343,40,0.7222951343527272,1.1289147105152275
343,30,0.7222951343527272,1.3826783778511351
344,50,0.7222951343527272,1.3333593547291047
344,40,0.7222951343527272,0.5779120028493884
344,30,0.7222951343527272,-0.4760255719630949
345,50,0.7222951343527272,1.3333593547291047
345,40,0.7222951343527272,0.5779120028493884
345,30,0.7222951343527272,-0.4760255719630949
346,50,0.7222951343527272,1.3333593547291047
346,40,0.7222951343527272,0.5779120028493884
346,30,0.7222951343527272,-0.4760255719630949
347,50,0.7222951343527272,1.3333593547291047
347,40,0.7222951343527272,0.5779120028493884
347,30,0.7222951343527272,-0.4760255719630949
348,50,0.7222951343527272,1.337103643273659
348,40,0.7222951343527272,0.5842682818525127
348,30,0.7222951343527272,-0.4745318836127594
349,50,0.7222951343527272,1.337103643273659
349,40,0.7222951343527272,0.5842682818525127
349,30,0.7222951343527272,-0.4745318836127594
350,50,0.7222951343527272,1.337103643273659
350,40,0.7222951343527272,0.5842682818525127
350,30,0.7222951343527272,-0.4745318836127594
351,50,0.7222951343527272,1.184228838751609
351,40,0.7222951343527272,0.9082100981887218
351,30,0.7222951343527272,-0.09915506990294697
352,50,0.7222951343527272,1.1006907717501324
352,40,0.7222951343527272,0.19288537674905698
352,30,0.7222951343527272,1.3504733368372162
353,50,0.7222951343527272,1.1045079925431285
353,40,0.7222951343527272,0.19516671592428925
353,30,0.7222951343527272,1.3446897421470236
354,50,0.7222951343527272,-0.49984271795187035
354,40,0.7222951343527272,0.134313112198861
354,30,0.7222951343527272,1.286229018844394
355,50,0.7222951343527272,-0.49984271795187035
355,40,0.7222951343527272,0.134313112198861
355,30,0.7222951343527272,1.286229018844394
356,50,0.7222951343527272,-0.49984271795187035
356,40,0.7222951343527272,0.134313112198861
356,30,0.7222951343527272,1.286229018844394
357,50,0.7222951343527272,-0.6104856937417061
357,40,0.7222951343527272,1.0450906897948828
357,30,0.7222951343527272,1.1504881189541842
358,50,0.7222951343527272,-0.6104856937417061
358,40,0.7222951343527272,1.0450906897948828
358,30,0.7222951343527272,1.1504881189541842
359,50,0.7222951343527272,-0.6104856937417061
359,40,0.7222951343527272,1.0450906897948828
359,30,0.7222951343527272,1.1504881189541842
360,50,0.7222951343527272,-0.5771397747190489
360,40,0.7222951343527272,1.0450906897948828
360,30,0.7222951343527272,1.1504881189541842
361,50,0.7222951343527272,-0.5771397747190489
361,40,0.7222951343527272,1.0450906897948828
361,30,0.7222951343527272,1.1504881189541842
362,50,0.7222951343527272,1.1025101200070992
362,40,0.7222951343527272,1.3143274502642512
362,30,0.7222951343527272,1.1504881189541842
363,50,0.7222951343527272,1.1025101200070992
363,40,0.7222951343527272,1.3143274502642512
363,30,0.7222951343527272,1.1504881189541842
364,50,0.7222951343527272,1.1025101200070992
364,40,0.7222951343527272,1.3143274502642512
364,30,0.7222951343527272,1.1504881189541842
365,50,0.7222951343527272,1.1025101200070992
365,40,0.7222951343527272,1.3143274502642512
365,30,0.7222951343527272,1.1504881189541842
366,50,0.7222951343527272,1.1025101200070992
366,40,0.7222951343527272,1.3143274502642512
366,30,0.7222951343527272,1.1504881189541842
367,50,0.7222951343527272,1.1025101200070992
367,40,0.7222951343527272,1.3143274502642512
367,30,0.7222951343527272,1.1504881189541842
368,50,0.7222951343527272,1.1025101200070992
368,40,0.7222951343527272,1.3143274502642512
368,30,0.7222951343527272,1.1504881189541842
369,50,0.7222951343527272,1.2112579435143687
369,40,0.7222951343527272,1.3761531521063013
369,30,0.7222951343527272,1.2182104987501137
370,50,0.7222951343527272,1.2112579435143687
370,40,0.7222951343527272,1.3761531521063013
370,30,0.7222951343527272,1.2182104987501137
371,50,0.7222951343527272,0.013460339834174028
371,40,0.7222951343527272,1.3631597472383283
371,30,0.7222951343527272,1.415385454503505
372,50,0.7222951343527272,0.013460339834174028
372,40,0.7222951343527272,1.3631597472383283
372,30,0.7222951343527272,1.415385454503505
373,50,0.7222951343527272,0.013460339834174028
373,40,0.7222951343527272,1.3631597472383283
373,30,0.7222951343527272,1.415385454503505
374,50,0.7222951343527272,-0.26820806926146873
374,40,0.7222951343527272,1.36560948311957
374,30,0.7222951343527272,1.4271922877725856
375,50,0.7222951343527272,-0.2691871900930964
375,40,0.7222951343527272,1.3640338180955005
375,30,0.7222951343527272,1.4281468475662942
376,50,0.7222951343527272,0.8609534314098605
376,40,0.7222951343527272,1.321645943693125
376,30,0.7222951343527272,1.3115356580403474
377,50,0.7222951343527272,0.8609534314098605
377,40,0.7222951343527272,1.321645943693125
377,30,0.7222951343527272,1.3115356580403474
378,50,0.7222951343527272,0.8609534314098605
378,40,0.7222951343527272,1.321645943693125
378,30,0.7222951343527272,1.3115356580403474
379,50,0.7222951343527272,0.8609534314098605
379,40,0.7222951343527272,1.321645943693125
379,30,0.7222951343527272,1.3115356580403474
380,50,0.7222951343527272,0.8609534314098605
380,40,0.7222951343527272,1.321645943693125
380,30,0.7222951343527272,1.3115356580403474
381,50,0.7222951343527272,0.8609534314098605
381,40,0.7222951343527272,1.321645943693125
381,30,0.7222951343527272,1.3115356580403474
382,50,0.7222951343527272,0.8609534314098605
382,40,0.7222951343527272,1.321645943693125
382,30,0.7222951343527272,1.3115356580403474
383,50,0.7222951343527272,0.8609534314098605
383,40,0.7222951343527272,1.321645943693125
383,30,0.7222951343527272,1.3115356580403474
384,50,0.7222951343527272,0.8593196490426254
384,40,0.7222951343527272,1.3195205625866224
384,30,0.7222951343527272,1.3151161126695967
385,50,0.7222951343527272,0.8593196490426254
385,40,0.7222951343527272,1.3195205625866224
385,30,0.7222951343527272,1.3151161126695967
386,50,0.7222951343527272,1.0211217722496444
386,40,0.7222951343527272,1.4259122942417741
386,30,0.7222951343527272,1.3985585760024428
387,50,0.7222951343527272,1.0211217722496444
387,40,0.7222951343527272,1.4259122942417741
387,30,0.7222951343527272,1.3985585760024428
388,50,0.7222951343527272,-0.1936147337548511
388,40,0.7222951343527272,1.4040215436300578
388,30,0.7222951343527272,1.1346391724457972
389,50,0.7222951343527272,-0.19361448521023567
389,40,0.7222951343527272,1.4040215504450608
389,30,0.7222951343527272,1.1346398000003155
390,50,0.7222951343527272,-0.19361448521023567
390,40,0.7222951343527272,1.4040215504450608
390,30,0.7222951343527272,1.1346398000003155
391,50,0.7222951343527272,-0.1994231361168573
391,40,0.7222951343527272,1.4212226117309759
391,30,0.7222951343527272,1.122590514862588
392,50,0.7222951343527272,-0.1994231361168573
392,40,0.7222951343527272,1.4212226117309759
392,30,0.7222951343527272,1.122590514862588
393,50,0.7222951343527272,-0.19942218549156634
393,40,0.7222951343527272,1.4212203009084172
393,30,0.7222951343527272,1.122594901894973
394,50,0.7222951343527272,0.06249301271798534
394,40,0.7222951343527272,1.07858000607183
394,30,0.7222951343527272,1.4102385259592896
395,50,0.7222951343527272,0.06248837981024726
395,40,0.7222951343527272,1.07858000607183
395,30,0.7222951343527272,1.4102385259592896
396,50,0.7222951343527272,0.06248837981024726
396,40,0.7222951343527272,1.07858000607183
396,30,0.7222951343527272,1.4102385259592896
397,50,0.7222951343527272,1.143427143074984
397,40,0.7222951343527272,1.4343372274609785
397,30,0.7222951343527272,1.509792804014275
398,50,0.7222951343527272,1.143427143074984
398,40,0.7222951343527272,1.3755697856355917
398,30,0.7222951343527272,1.4387031434453792
399,50,0.7222951343527272,1.143427143074984
399,40,0.7222951343527272,1.3755697856355917
399,30,0.7222951343527272,1.4387031434453792
400,50,0.7222951343527272,1.1167809057962157
400,40,0.7222951343527272,1.4242179025734696
400,30,0.7222951343527272,1.4073448261661048
401,50,0.7222951343527272,1.1132194256191235
401,40,0.7222951343527272,1.4242179025734696
401,30,0.7222951343527272,1.4073448261661048
402,50,0.7222951343527272,1.1132194256191235
402,40,0.7222951343527272,1.4242179025734696
402,30,0.7222951343527272,1.4073448261661048
403,50,0.7222951343527272,1.1132194256191235
403,40,0.7222951343527272,1.4242179025734696
403,30,0.7222951343527272,1.4073448261661048
404,50,0.7222951343527272,1.1132194256191235
404,40,0.7222951343527272,1.4242179025734696
404,30,0.7222951343527272,1.4073448261661048
405,50,0.7222951343527272,1.1132194256191235
405,40,0.7222951343527272,1.4242179025734696
405,30,0.7222951343527272,1.4073448261661048
406,50,0.7222951343527272,1.1058708998756974
406,40,0.7222951343527272,1.4268046277203683
406,30,0.7222951343527272,1.0796690175206929
407,50,0.7222951343527272,1.4985287380985644
407,40,0.7222951343527272,0.48031711139407374
407,30,0.7222951343527272,1.1233385288404516
408,50,0.7222951343527272,-0.5042636138424516
408,40,0.7222951343527272,1.3155462707473013
408,30,0.7222951343527272,1.068325216375721
409,50,0.7222951343527272,-0.5042636138424516
409,40,0.7222951343527272,1.3155462707473013
409,30,0.7222951343527272,1.068325216375721
410,50,0.7222951343527272,1.4667220984483964
410,40,0.7222951343527272,0.8832011024965574
410,30,0.7222951343527272,1.3939600817817137
411,50,0.7222951343527272,1.4667220984483964
411,40,0.7222951343527272,0.8832011024965574
411,30,0.7222951343527272,1.3939600817817137
412,50,0.7222951343527272,-0.13151811655853377
412,40,0.7222951343527272,1.4690137267425305
412,30,0.7222951343527272,1.0011505971221721
413,50,0.7222951343527272,-0.13151811655853377
413,40,0.7222951343527272,1.4690137267425305
413,30,0.7222951343527272,1.0011505971221721
414,50,0.7222951343527272,-0.13111106021323585
414,40,0.7222951343527272,1.4689022564894665
414,30,0.7222951343527272,1.0017830586095713
415,50,0.7222951343527272,-0.13111106021323585
415,40,0.7222951343527272,0.9781704258501751
415,30,0.7222951343527272,1.203512108473637
416,50,0.7222951343527272,0.2480769356022054
416,40,0.7222951343527272,1.0894176577022399
416,30,0.7222951343527272,1.203512108473637
417,50,0.7222951343527272,0.2480769356022054
417,40,0.7222951343527272,1.0894176577022399
417,30,0.7222951343527272,1.203512108473637
418,50,0.7222951343527272,0.2480769356022054
418,40,0.7222951343527272,1.0894176577022399
418,30,0.7222951343527272,1.203512108473637
419,50,0.7222951343527272,0.2480769356022054
419,40,0.7222951343527272,1.0894176577022399
419,30,0.7222951343527272,1.4700534388987114
420,50,0.7222951343527272,1.1512190517847931
420,40,0.7222951343527272,1.444319355966605
420,30,0.7222951343527272,1.4700534388987114
421,50,0.7222951343527272,1.1333133026719633
421,40,0.7222951343527272,0.9348284370169078
421,30,0.7222951343527272,1.4835262530308257
422,50,0.7222951343527272,1.0249563937584028
422,40,0.7222951343527272,0.9348284370169078
422,30,0.7222951343527272,1.4835262530308257
423,50,0.7222951343527272,1.0249563937584028
423,40,0.7222951343527272,0.9348284370169078
423,30,0.7222951343527272,1.4835262530308257
424,50,0.7222951343527272,1.0249563937584028
424,40,0.7222951343527272,0.9348284370169078
424,30,0.7222951343527272,1.4835262530308257
425,50,0.7222951343527272,1.0249563937584028
425,40,0.7222951343527272,0.9348284370169078
425,30,0.7222951343527272,1.4835262530308257
426,50,0.7222951343527272,1.0249563937584028
426,40,0.7222951343527272,0.9348284370169078
426,30,0.7222951343527272,1.4835262530308257
427,50,0.7222951343527272,1.0249563937584028
427,40,0.7222951343527272,0.7002402569704623
427,30,0.7222951343527272,1.504599761950192
428,50,0.7222951343527272,0.16927068808959692
428,40,0.7222951343527272,0.20828994560211686
428,30,0.7222951343527272,1.558532020210518
429,50,0.7222951343527272,1.242392614525858
429,40,0.7222951343527272,1.0592623577299158
429,30,0.7222951343527272,1.4485448551324391
430,50,0.7222951343527272,1.2423927671483004
430,40,0.7222951343527272,0.8113133482467283
430,30,0.7222951343527272,1.335786724781781
431,50,0.7222951343527272,1.2603046077698254
431,40,0.7222951343527272,1.0169995830360743
431,30,0.7222951343527272,1.4195812698053205
432,50,0.7222951343527272,1.2603046077698254
432,40,0.7222951343527272,1.0169995830360743
432,30,0.7222951343527272,1.4195812698053205
433,50,0.7222951343527272,1.2603046077698254
433,40,0.7222951343527272,1.0169995830360743
433,30,0.7222951343527272,1.4195812698053205
434,50,0.7222951343527272,1.2166028566633587
434,40,0.7222951343527272,1.047735981312057
434,30,0.7222951343527272,1.332383922545184
435,50,0.7222951343527272,1.2166028566633587
435,40,0.7222951343527272,1.0233097261036668
435,30,0.7222951343527272,1.4176831297650174
436,50,0.7222951343527272,1.1667205337506406
436,40,0.7222951343527272,0.9834195227411275
436,30,0.7222951343527272,0.6708553556882452
437,50,0.7222951343527272,1.1667205337506406
437,40,0.7222951343527272,0.9834195227411275
437,30,0.7222951343527272,0.6708553556882452
438,50,0.7222951343527272,1.1667205337506406
438,40,0.7222951343527272,0.9834195227411275
438,30,0.7222951343527272,0.6708553556882452
439,50,0.7222951343527272,1.1667205337506406
439,40,0.7222951343527272,0.9834195227411275
439,30,0.7222951343527272,0.6708553556882452
440,50,0.7222951343527272,1.1934337502150332
440,40,0.7222951343527272,0.9834195227411275
440,30,0.7222951343527272,0.6708553556882452
441,50,0.7222951343527272,0.7092820212572737
441,40,0.7222951343527272,1.0321348940966133
441,30,0.7222951343527272,0.764157393691397
442,50,0.7222951343527272,0.7092820212572737
442,40,0.7222951343527272,1.0321348940966133
442,30,0.7222951343527272,0.764157393691397
443,50,0.7222951343527272,1.1062543050882214
443,40,0.7222951343527272,1.1522186401993508
443,30,0.7222951343527272,1.426683657746434
444,50,0.7222951343527272,1.1062543050882214
444,40,0.7222951343527272,1.1522186401993508
444,30,0.7222951343527272,1.426683657746434
445,50,0.7222951343527272,1.1062543050882214
445,40,0.7222951343527272,1.1593514613472522
445,30,0.7222951343527272,1.426683657746434
446,50,0.7222951343527272,1.2219371694277812
446,40,0.7222951343527272,1.4083452944080521
446,30,0.7222951343527272,1.3405478852550203
447,50,0.7222951343527272,1.2219371694277812
447,40,0.7222951343527272,1.4083452944080521
447,30,0.7222951343527272,1.3405478852550203
448,50,0.7222951343527272,1.2219371694277812
448,40,0.7222951343527272,1.4083452944080521
448,30,0.7222951343527272,1.3405478852550203
449,50,0.7222951343527272,1.2219371694277812
449,40,0.7222951343527272,1.4083452944080521
449,30,0.7222951343527272,1.3405478852550203
450,50,0.7222951343527272,1.154615913457608
450,40,0.7222951343527272,0.6032848758786705
450,30,0.7222951343527272,1.3405478852550203
451,50,0.7222951343527272,1.154615913457608
451,40,0.7222951343527272,0.6032848758786705
451,30,0.7222951343527272,1.3405478852550203
452,50,0.7222951343527272,1.154615913457608
452,40,0.7222951343527272,0.6032848758786705
452,30,0.7222951343527272,1.3405478852550203
453,50,0.7222951343527272,1.154615913457608
453,40,0.7222951343527272,0.6032848758786705
453,30,0.7222951343527272,1.3405478852550203
454,50,0.7222951343527272,1.4072931152173862
454,40,0.7222951343527272,1.6335110211780166
454,30,0.7222951343527272,1.3987124758124274
455,50,0.7222951343527272,1.4072931152173862
455,40,0.7222951343527272,1.6335110211780166
455,30,0.7222951343527272,1.3987124758124274
456,50,0.7222951343527272,1.4072931152173862
456,40,0.7222951343527272,1.6335110211780166
456,30,0.7222951343527272,0.971537324832926
457,50,0.7222951343527272,1.4072931152173862
457,40,0.7222951343527272,1.6335110211780166
457,30,0.7222951343527272,0.971537324832926
458,50,0.7222951343527272,1.4072931152173862
458,40,0.7222951343527272,1.6335110211780166
458,30,0.7222951343527272,0.971537324832926
459,50,0.7222951343527272,1.4072931152173862
459,40,0.7222951343527272,1.6335110211780166
459,30,0.7222951343527272,0.971537324832926
460,50,0.7222951343527272,1.2674972235997461
460,40,0.7222951343527272,1.6335110211780166
460,30,0.7222951343527272,0.975406632660499
461,50,0.7222951343527272,1.2674972235997461
461,40,0.7222951343527272,1.6335110211780166
461,30,0.7222951343527272,0.975406632660499
462,50,0.7222951343527272,1.2674972235997461
462,40,0.7222951343527272,1.6335110211780166
462,30,0.7222951343527272,0.975406632660499
463,50,0.7222951343527272,1.2679643530819542
463,40,0.7222951343527272,1.6346095317126383
463,30,0.7222951343527272,0.9750164911236674
464,50,0.7222951343527272,1.2679643530819542
464,40,0.7222951343527272,1.6346095317126383
464,30,0.7222951343527272,0.9750164911236674
465,50,0.7222951343527272,1.2621998980102627
465,40,0.7222951343527272,1.6224825168793662
465,30,0.7222951343527272,0.9700469695014131
466,50,0.7222951343527272,1.5552496352716567
466,40,0.7222951343527272,1.6007249133190455
466,30,0.7222951343527272,1.571798334905955
467,50,0.7222951343527272,1.4273579317436682
467,40,0.7222951343527272,1.6253485945686592
467,30,0.7222951343527272,1.7326806750535804
468,50,0.7222951343527272,1.4273579317436682
468,40,0.7222951343527272,1.6253485945686592
468,30,0.7222951343527272,1.7326806750535804
469,50,0.7222951343527272,1.4273579317436682
469,40,0.7222951343527272,1.6253485945686592
469,30,0.7222951343527272,1.7326806750535804
470,50,0.7222951343527272,1.4273579317436682
470,40,0.7222951343527272,1.6253485945686592
470,30,0.7222951343527272,1.728850227785813
471,50,0.7222951343527272,1.4273579317436682
471,40,0.7222951343527272,1.6253485945686592
471,30,0.7222951343527272,1.728850227785813
472,50,0.7222951343527272,1.4273579317436682
472,40,0.7222951343527272,1.6253485945686592
472,30,0.7222951343527272,1.728850227785813
473,50,0.7222951343527272,1.4313227664928325
473,40,0.7222951343527272,1.6424697598386804
473,30,0.7222951343527272,1.7254841292759675
474,50,0.7222951343527272,1.4313227664928325
474,40,0.7222951343527272,1.6424697598386804
474,30,0.7222951343527272,1.7254841292759675
475,50,0.7222951343527272,1.4354974220973737
475,40,0.7222951343527272,1.6418668099201426
475,30,0.7222951343527272,1.7254841292759675
476,50,0.7222951343527272,1.4354974220973737
476,40,0.7222951343527272,1.637241662708044
476,30,0.7222951343527272,1.7254841292759675
477,50,0.7222951343527272,1.4354974220973737
477,40,0.7222951343527272,1.637241662708044
477,30,0.7222951343527272,1.7254841292759675
478,50,0.7222951343527272,1.4354974220973737
478,40,0.7222951343527272,1.637241662708044
478,30,0.7222951343527272,1.7254841292759675
479,50,0.7222951343527272,1.4354974220973737
479,40,0.7222951343527272,1.637241662708044
479,30,0.7222951343527272,1.7254841292759675
480,50,0.7222951343527272,1.4354974220973737
480,40,0.7222951343527272,1.637241662708044
480,30,0.7222951343527272,1.7254841292759675
481,50,0.7222951343527272,1.2527217997948341
481,40,0.7222951343527272,1.6161739793584895
481,30,0.7222951343527272,1.7255115277347097
482,50,0.7222951343527272,1.0331886029690276
482,40,0.7222951343527272,1.6565245898323133
482,30,0.7222951343527272,1.7255115277347097
483,50,0.7222951343527272,1.0331886029690276
483,40,0.7222951343527272,1.652388625217575
483,30,0.7222951343527272,1.7222743026037726
484,50,0.7222951343527272,1.0331886029690276
484,40,0.7222951343527272,1.652388625217575
484,30,0.7222951343527272,1.7222743026037726
485,50,0.7222951343527272,1.5723777066240996
485,40,0.7222951343527272,1.652388625217575
485,30,0.7222951343527272,1.7222743026037726
486,50,0.7222951343527272,1.5723777066240996
486,40,0.7222951343527272,1.652388625217575
486,30,0.7222951343527272,1.6939715529050017
487,50,0.7222951343527272,1.5466332333640151
487,40,0.7222951343527272,1.652388625217575
487,30,0.7222951343527272,1.6939715529050017
488,50,0.7222951343527272,1.5466332333640151
488,40,0.7222951343527272,1.652388625217575
488,30,0.7222951343527272,1.6939715529050017
489,50,0.7222951343527272,1.5466332333640151
489,40,0.7222951343527272,1.652388625217575
489,30,0.7222951343527272,1.6939715529050017
490,50,0.7222951343527272,1.5466332333640151
490,40,0.7222951343527272,1.652388625217575
490,30,0.7222951343527272,1.6939715529050017
491,50,0.7222951343527272,1.5466332333640151
491,40,0.7222951343527272,1.652388625217575
491,30,0.7222951343527272,1.6939715529050017
492,50,0.7222951343527272,1.5466332333640151
492,40,0.7222951343527272,1.652388625217575
492,30,0.7222951343527272,1.6939715529050017
493,50,0.7222951343527272,1.5466332333640151
493,40,0.7222951343527272,1.652388625217575
493,30,0.7222951343527272,1.6939715529050017
494,50,0.7222951343527272,1.54664122504276
494,40,0.7222951343527272,1.652388625217575
494,30,0.7222951343527272,1.6939715529050017
495,50,0.7222951343527272,1.54664122504276
495,40,0.7222951343527272,1.652388625217575
495,30,0.7222951343527272,1.6939715529050017
496,50,0.7222951343527272,1.54664122504276
496,40,0.7222951343527272,1.652388625217575
496,30,0.7222951343527272,1.6939715529050017
497,50,0.7222951343527272,1.5367466538710153
497,40,0.7222951343527272,1.6704292870329978
497,30,0.7222951343527272,1.6774407028791747
498,50,0.7222951343527272,1.518554593241562
498,40,0.7222951343527272,1.6704292870329978
498,30,0.7222951343527272,1.6774407028791747
499,50,0.7222951343527272,1.810491085392129
499,40,0.7222951343527272,1.6704292870329978
499,30,0.7222951343527272,1.6774407028791747
500,50,0.7222951343527272,1.810491085392129
500,40,0.7222951343527272,1.6704292870329978
500,30,0.7222951343527272,1.6774407028791747
501,50,0.7222951343527272,1.806540465028453
501,40,0.7222951343527272,1.6630336342600243
501,30,0.7222951343527272,1.6752863892765024
502,50,0.7222951343527272,1.8270353348970008
502,40,0.7222951343527272,1.6438278663793924
502,30,0.7222951343527272,1.6184448769250346
503,50,0.7222951343527272,1.8270353348970008
503,40,0.7222951343527272,1.6438278663793924
503,30,0.7222951343527272,1.6184448769250346
504,50,0.7222951343527272,1.8270353348970008
504,40,0.7222951343527272,1.6438278663793924
504,30,0.7222951343527272,1.6184448769250346
505,50,0.7222951343527272,1.8476211685894655
505,40,0.7222951343527272,1.6548969094110046
505,30,0.7222951343527272,1.682561136835777
506,50,0.7222951343527272,1.8476211685894655
506,40,0.7222951343527272,1.6548969094110046
506,30,0.7222951343527272,1.682561136835777
507,50,0.7222951343527272,1.8476211685894655
507,40,0.7222951343527272,1.6548969094110046
507,30,0.7222951343527272,1.682561136835777
508,50,0.7222951343527272,1.8476211685894655
508,40,0.7222951343527272,1.6548969094110046
508,30,0.7222951343527272,1.682561136835777
509,50,0.7222951343527272,1.847747121033019
509,40,0.7222951343527272,1.7033721568314957
509,30,0.7222951343527272,1.682561136835777
510,50,0.7222951343527272,1.847747121033019
510,40,0.7222951343527272,1.7033721568314957
510,30,0.7222951343527272,1.682561136835777
511,50,0.7222951343527272,1.847747121033019
511,40,0.7222951343527272,1.7033721568314957
511,30,0.7222951343527272,1.682561136835777
512,50,0.7222951343527272,1.8136372060721664
512,40,0.7222951343527272,1.6935036893865352
512,30,0.7222951343527272,1.6791254270383162
513,50,0.7222951343527272,1.8136372060721664
513,40,0.7222951343527272,1.6935036893865352
513,30,0.7222951343527272,1.6791254270383162
514,50,0.7222951343527272,1.5286175491083314
514,40,0.7222951343527272,1.5616759108803253
514,30,0.7222951343527272,1.410727694796611
515,50,0.7222951343527272,1.4847552928769614
515,40,0.7222951343527272,1.5616759108803253
515,30,0.7222951343527272,1.410727694796611
516,50,0.7222951343527272,1.4847552928769614
516,40,0.7222951343527272,1.5616759108803253
516,30,0.7222951343527272,1.410727694796611
517,50,0.7222951343527272,0.9731596636104823
517,40,0.7222951343527272,1.2551689160513961
517,30,0.7222951343527272,1.396040010822154
518,50,0.7222951343527272,0.9731596636104823
518,40,0.7222951343527272,1.2551689160513961
518,30,0.7222951343527272,1.396040010822154
519,50,0.7222951343527272,0.9731596636104823
519,40,0.7222951343527272,1.2551689160513961
519,30,0.7222951343527272,1.396040010822154
520,50,0.7222951343527272,0.9731596636104823
520,40,0.7222951343527272,1.2551689160513961
520,30,0.7222951343527272,1.396040010822154
521,50,0.7222951343527272,0.9675625369260701
521,40,0.7222951343527272,1.2492379664847653
521,30,0.7222951343527272,1.393830117120156
522,50,0.7222951343527272,0.9675625369260701
522,40,0.7222951343527272,1.2492379664847653
522,30,0.7222951343527272,1.393830117120156
523,50,0.7222951343527272,0.9675625369260701
523,40,0.7222951343527272,1.395781567046109
523,30,0.7222951343527272,0.8531741545714756
524,50,0.7222951343527272,0.8386455845560259
524,40,0.7222951343527272,1.6084428065686718
524,30,0.7222951343527272,0.8531741545714756
525,50,0.7222951343527272,0.830416791252761
525,40,0.7222951343527272,1.5875812673131768
525,30,0.7222951343527272,0.8559904784423916
526,50,0.7222951343527272,0.830416791252761
526,40,0.7222951343527272,1.5875812673131768
526,30,0.7222951343527272,0.8559904784423916
527,50,0.7222951343527272,1.0382581029714015
527,40,0.7222951343527272,1.5620901962508331
527,30,0.7222951343527272,1.4862718855564632
528,50,0.7222951343527272,1.188901823044665
528,40,0.7222951343527272,1.5620901962508331
528,30,0.7222951343527272,1.4862718855564632
529,50,0.7222951343527272,1.188901823044665
529,40,0.7222951343527272,1.5620901962508331
529,30,0.7222951343527272,1.4862718855564632
530,50,0.7222951343527272,0.706113065894002
530,40,0.7222951343527272,1.5742688045786684
530,30,0.7222951343527272,1.4862718855564632
531,50,0.7222951343527272,1.303416683618837
531,40,0.7222951343527272,1.5404861740503935
531,30,0.7222951343527272,1.3635465987776136
532,50,0.7222951343527272,1.3258264631709646
532,40,0.7222951343527272,1.5404861740503935
532,30,0.7222951343527272,1.3469794982065302
533,50,0.7222951343527272,1.378006877966918
533,40,0.7222951343527272,1.5245720837468353
533,30,0.7222951343527272,1.4018814917972213
534,50,0.7222951343527272,1.378006877966918
534,40,0.7222951343527272,1.5245720837468353
534,30,0.7222951343527272,1.4018814917972213
535,50,0.7222951343527272,1.378006877966918
535,40,0.7222951343527272,1.5245720837468353
535,30,0.7222951343527272,1.4018814917972213
536,50,0.7222951343527272,1.378006877966918
536,40,0.7222951343527272,1.5245720837468353
536,30,0.7222951343527272,1.4018814917972213
537,50,0.7222951343527272,1.3365406676750904
537,40,0.7222951343527272,1.5302612323448492
537,30,0.7222951343527272,1.365533087369978
538,50,0.7222951343527272,1.3365406676750904
538,40,0.7222951343527272,1.5302612323448492
538,30,0.7222951343527272,1.365533087369978
539,50,0.7222951343527272,1.3365406676750904
539,40,0.7222951343527272,1.5302612323448492
539,30,0.7222951343527272,1.365533087369978
540,50,0.7222951343527272,1.3365406676750904
540,40,0.7222951343527272,1.5302612323448492
540,30,0.7222951343527272,1.365533087369978
541,50,0.7222951343527272,1.3365406676750904
541,40,0.7222951343527272,1.5302612323448492
541,30,0.7222951343527272,1.365533087369978
542,50,0.7222951343527272,0.9499306145049105
542,40,0.7222951343527272,1.4480702887589496
542,30,0.7222951343527272,0.8290105796242145
543,50,0.7222951343527272,0.9499306145049105
543,40,0.7222951343527272,1.4480702887589496
543,30,0.7222951343527272,0.8290105796242145
544,50,0.7222951343527272,0.13863856796721927
544,40,0.7222951343527272,1.5116008436246173
544,30,0.7222951343527272,0.30142095077971903
545,50,0.7222951343527272,0.13863856796721927
545,40,0.7222951343527272,1.5116008436246173
545,30,0.7222951343527272,0.30142095077971903
546,50,0.7222951343527272,0.14968448798116243
546,40,0.7222951343527272,1.5075111972378983
546,30,0.7222951343527272,1.3002225550860134
547,50,0.7222951343527272,1.2423362649537089
547,40,0.7222951343527272,1.648802882758189
547,30,0.7222951343527272,1.4913212964934308
548,50,0.7222951343527272,1.309440626842795
548,40,0.7222951343527272,1.648802882758189
548,30,0.7222951343527272,1.4913212964934308
549,50,0.7222951343527272,1.481799282306807
549,40,0.7222951343527272,1.5487915469828981
549,30,0.7222951343527272,1.4913212964934308
550,50,0.7222951343527272,1.4967200675281533
550,40,0.7222951343527272,1.5487915469828981
550,30,0.7222951343527272,1.4913212964934308
551,50,0.7222951343527272,0.8478285114701966
551,40,0.7222951343527272,1.5487915469828981
551,30,0.7222951343527272,1.4913212964934308
552,50,0.7222951343527272,1.221580590419257
552,40,0.7222951343527272,1.2502129924908745
552,30,0.7222951343527272,1.6884965113909716
553,50,0.7222951343527272,1.221580590419257
553,40,0.7222951343527272,1.2502129924908745
553,30,0.7222951343527272,1.6884965113909716
554,50,0.7222951343527272,1.221580590419257
554,40,0.7222951343527272,1.5961816242465405
554,30,0.7222951343527272,1.6853314691800385
555,50,0.7222951343527272,1.221580590419257
555,40,0.7222951343527272,1.5961816242465405
555,30,0.7222951343527272,1.6853314691800385
556,50,0.7222951343527272,1.221580590419257
556,40,0.7222951343527272,1.5961816242465405
556,30,0.7222951343527272,1.6853314691800385
557,50,0.7222951343527272,1.221580590419257
557,40,0.7222951343527272,1.5961816242465405
557,30,0.7222951343527272,1.6853314691800385
558,50,0.7222951343527272,1.2366399035308175
558,40,0.7222951343527272,1.1549387168580616
558,30,0.7222951343527272,1.6717933439481218
559,50,0.7222951343527272,1.3258468631877127
559,40,0.7222951343527272,-0.5431091920588016
559,30,0.7222951343527272,1.6594548489493324
560,50,0.7222951343527272,1.3259809088787429
560,40,0.7222951343527272,-0.5747561843023932
560,30,0.7222951343527272,1.6697109089668802
561,50,0.7222951343527272,1.3259809088787429
561,40,0.7222951343527272,-0.5747561843023932
561,30,0.7222951343527272,1.6697109089668802
562,50,0.7222951343527272,1.3298186122722593
562,40,0.7222951343527272,-0.3709909462025336
562,30,0.7222951343527272,0.26767976572073965
563,50,0.7222951343527272,1.3298186122722593
563,40,0.7222951343527272,-0.3709909462025336
563,30,0.7222951343527272,0.26767976572073965
564,50,0.7222951343527272,1.3298186122722593
564,40,0.7222951343527272,-0.3709909462025336
564,30,0.7222951343527272,0.26767976572073965
565,50,0.7222951343527272,1.233265178038748
565,40,0.7222951343527272,-0.3712948793410389
565,30,0.7222951343527272,0.2630206606681449
566,50,0.7222951343527272,1.233265178038748
566,40,0.7222951343527272,-0.3712948793410389
566,30,0.7222951343527272,0.2630206606681449
567,50,0.7222951343527272,1.2272631913554974
567,40,0.7222951343527272,-0.5568861026476474
567,30,0.7222951343527272,0.2630206606681449
568,50,0.7222951343527272,1.2272631913554974
568,40,0.7222951343527272,-0.5567163521633307
568,30,0.7222951343527272,0.2651037438870149
569,50,0.7222951343527272,1.2272631913554974
569,40,0.7222951343527272,-0.5567163521633307
569,30,0.7222951343527272,0.2651037438870149
570,50,0.7222951343527272,1.2272631913554974
570,40,0.7222951343527272,-0.5567163521633307
570,30,0.7222951343527272,0.2651037438870149
571,50,0.7222951343527272,1.2260068866408746
571,40,0.7222951343527272,-0.5567163521633307
571,30,0.7222951343527272,0.2651037438870149
572,50,0.7222951343527272,1.2201252751026046
572,40,0.7222951343527272,-0.5564597196491896
572,30,0.7222951343527272,0.2651037438870149
573,50,0.7222951343527272,1.2201252751026046
573,40,0.7222951343527272,-0.5564597196491896
573,30,0.7222951343527272,0.2651037438870149
574,50,0.7222951343527272,1.2201252751026046
574,40,0.7222951343527272,-0.5564597196491896
574,30,0.7222951343527272,0.2651037438870149
575,50,0.7222951343527272,1.226843118728059
575,40,0.7222951343527272,-0.5578183766936803
575,30,0.7222951343527272,0.2617650474797132
576,50,0.7222951343527272,1.226843118728059
576,40,0.7222951343527272,-0.5578183766936803
576,30,0.7222951343527272,0.2617650474797132
577,50,0.7222951343527272,1.226843118728059
577,40,0.7222951343527272,-0.5578183766936803
577,30,0.7222951343527272,0.2617650474797132
578,50,0.7222951343527272,1.3985877569910574
578,40,0.7222951343527272,0.7674949335193677
578,30,0.7222951343527272,0.2617650474797132
579,50,0.7222951343527272,1.3985877569910574
579,40,0.7222951343527272,0.7674949335193677
579,30,0.7222951343527272,0.2617650474797132
580,50,0.7222951343527272,-0.20412290881884967
580,40,0.7222951343527272,0.09389439214357516
580,30,0.7222951343527272,0.2617650474797132
581,50,0.7222951343527272,1.4544827104475853
581,40,0.7222951343527272,0.09389439214357516
581,30,0.7222951343527272,0.2617650474797132
582,50,0.7222951343527272,1.4544827104475853
582,40,0.7222951343527272,0.09389439214357516
582,30,0.7222951343527272,0.2617650474797132
583,50,0.7222951343527272,1.4544827104475853
583,40,0.7222951343527272,0.09389439214357516
583,30,0.7222951343527272,0.2617650474797132
584,50,0.7222951343527272,1.2738037821153325
584,40,0.7222951343527272,0.09389439214357516
584,30,0.7222951343527272,0.2617650474797132
585,50,0.7222951343527272,1.2738037821153325
585,40,0.7222951343527272,0.09389439214357516
585,30,0.7222951343527272,0.2617650474797132
586,50,0.7222951343527272,1.2738037821153325
586,40,0.7222951343527272,0.09389439214357516
586,30,0.7222951343527272,0.9778572383357084
587,50,0.7222951343527272,1.2738037821153325
587,40,0.7222951343527272,0.09389439214357516
587,30,0.7222951343527272,0.9778572383357084
588,50,0.7222951343527272,1.2738037821153325
588,40,0.7222951343527272,0.09389439214357516
588,30,0.7222951343527272,0.9778572383357084
589,50,0.7222951343527272,1.3515294246008116
589,40,0.7222951343527272,0.09389439214357516
589,30,0.7222951343527272,0.9778572383357084
590,50,0.7222951343527272,1.3515421087712454
590,40,0.7222951343527272,0.09408430129704369
590,30,0.7222951343527272,0.9778572383357084
591,50,0.7222951343527272,1.3515421087712454
591,40,0.7222951343527272,0.09408430129704369
591,30,0.7222951343527272,0.9778572383357084
592,50,0.7222951343527272,1.3515421087712454
592,40,0.7222951343527272,0.09408430129704369
592,30,0.7222951343527272,0.9778572383357084
593,50,0.7222951343527272,1.3515421087712454
593,40,0.7222951343527272,0.09408430129704369
593,30,0.7222951343527272,0.9778572383357084
594,50,0.7222951343527272,1.3515421087712454
594,40,0.7222951343527272,0.09408430129704369
594,30,0.7222951343527272,0.9778572383357084
595,50,0.7222951343527272,1.2691558469570419
595,40,0.7222951343527272,0.5447131549298193
595,30,0.7222951343527272,0.7055520074809224
596,50,0.7222951343527272,1.2691558469570419
596,40,0.7222951343527272,0.5447874247321346
596,30,0.7222951343527272,0.7055835689282567
597,50,0.7222951343527272,1.3553477833514342
597,40,0.7222951343527272,0.5454716995132491
597,30,0.7222951343527272,0.7053427965060983
598,50,0.7222951343527272,1.3665831315095462
598,40,0.7222951343527272,0.7812838309401572
598,30,0.7222951343527272,0.6759685474528953
599,50,0.7222951343527272,1.3613518143022902
599,40,0.7222951343527272,0.7847672000430054
599,30,0.7222951343527272,0.6773351544693172
600,50,0.7222951343527272,1.3613518143022902
600,40,0.7222951343527272,0.7847672000430054
600,30,0.7222951343527272,0.6773351544693172
601,50,0.7222951343527272,1.3613518143022902
601,40,0.7222951343527272,0.7847672000430054
601,30,0.7222951343527272,0.6773351544693172
602,50,0.7222951343527272,1.3613518143022902
602,40,0.7222951343527272,0.7847672000430054
602,30,0.7222951343527272,0.6773351544693172
603,50,0.7222951343527272,1.460018535181385
603,40,0.7222951343527272,0.8030778232557598
603,30,0.7222951343527272,0.6844997757139647
604,50,0.7222951343527272,1.460018535181385
604,40,0.7222951343527272,0.8030778232557598
604,30,0.7222951343527272,0.6844997757139647
605,50,0.7222951343527272,1.460018535181385
605,40,0.7222951343527272,0.8030778232557598
605,30,0.7222951343527272,0.6844997757139647
606,50,0.7222951343527272,1.324893783152329
606,40,0.7222951343527272,0.6174350815665166
606,30,0.7222951343527272,0.7047686086776587
607,50,0.7222951343527272,1.3176296896743451
607,40,0.7222951343527272,0.6165311356567134
607,30,0.7222951343527272,0.7047686086776587
608,50,0.7222951343527272,1.3176296896743451
608,40,0.7222951343527272,0.6165311356567134
608,30,0.7222951343527272,0.7047686086776587
609,50,0.7222951343527272,1.4866160027763111
609,40,0.7222951343527272,1.142594085537588
609,30,0.7222951343527272,0.8278648386648391
610,50,0.7222951343527272,1.4865778315787532
610,40,0.7222951343527272,1.142420177412635
610,30,0.7222951343527272,0.8276198090395582
611,50,0.7222951343527272,1.4865778315787532
611,40,0.7222951343527272,1.142420177412635
611,30,0.7222951343527272,0.8276198090395582
612,50,0.7222951343527272,1.4865778315787532
612,40,0.7222951343527272,1.142420177412635
612,30,0.7222951343527272,0.8276198090395582
613,50,0.7222951343527272,1.4865778315787532
613,40,0.7222951343527272,1.142420177412635
613,30,0.7222951343527272,0.8276198090395582
614,50,0.7222951343527272,1.4251638983662396
614,40,0.7222951343527272,1.1580930911225762
614,30,0.7222951343527272,0.014532687545601207
615,50,0.7222951343527272,1.4251638983662396
615,40,0.7222951343527272,1.1580930911225762
615,30,0.7222951343527272,0.014532687545601207
616,50,0.7222951343527272,1.3229561082417056
616,40,0.7222951343527272,1.30495471771555
616,30,0.7222951343527272,-0.5961920386434384
617,50,0.7222951343527272,0.7807236884612633
617,40,0.7222951343527272,1.2506442413973329
617,30,0.7222951343527272,0.8192483655797574
618,50,0.7222951343527272,0.7807236884612633
618,40,0.7222951343527272,1.2506442413973329
618,30,0.7222951343527272,0.8192483655797574
619,50,0.7222951343527272,0.7807236884612633
619,40,0.7222951343527272,1.2506442413973329
619,30,0.7222951343527272,0.8192483655797574
620,50,0.7222951343527272,0.7807236884612633
620,40,0.7222951343527272,1.2506442413973329
620,30,0.7222951343527272,0.8192483655797574
621,50,0.7222951343527272,0.7807236884612633
621,40,0.7222951343527272,1.2506442413973329
621,30,0.7222951343527272,0.5871050402503476
622,50,0.7222951343527272,1.3705012121203006
622,40,0.7222951343527272,1.0452100625963843
622,30,0.7222951343527272,-0.30761801731873156
623,50,0.7222951343527272,0.4642432626336423
623,40,0.7222951343527272,1.0452100625963843
623,30,0.7222951343527272,-0.30761801731873156
624,50,0.7222951343527272,0.46131010885553053
624,40,0.7222951343527272,1.0507767386118818
624,30,0.7222951343527272,-0.045307781012881666
625,50,0.7222951343527272,0.46131010885553053
625,40,0.7222951343527272,1.0507767386118818
625,30,0.7222951343527272,-0.045307781012881666
626,50,0.7222951343527272,0.46131010885553053
626,40,0.7222951343527272,1.0507767386118818
626,30,0.7222951343527272,-0.045307781012881666
627,50,0.7222951343527272,1.1583496844682049
627,40,0.7222951343527272,0.9304973143683296
627,30,0.7222951343527272,0.49777644082251316
628,50,0.7222951343527272,0.7504627355462804
628,40,0.7222951343527272,0.9304973143683296
628,30,0.7222951343527272,0.49777644082251316
629,50,0.7222951343527272,0.7504627355462804
629,40,0.7222951343527272,0.9304973143683296
629,30,0.7222951343527272,0.49777644082251316
630,50,0.7222951343527272,0.7504627355462804
630,40,0.7222951343527272,0.9304973143683296
630,30,0.7222951343527272,0.49777644082251316
631,50,0.7222951343527272,0.7504627355462804
631,40,0.7222951343527272,0.9304973143683296
631,30,0.7222951343527272,0.49777644082251316
632,50,0.7222951343527272,1.405108891576238
632,40,0.7222951343527272,0.9590120182880852
632,30,0.7222951343527272,0.49777644082251316
633,50,0.7222951343527272,1.405108891576238
633,40,0.7222951343527272,0.9590120182880852
633,30,0.7222951343527272,0.49777644082251316
634,50,0.7222951343527272,1.4510127147146872
634,40,0.7222951343527272,0.9571032070643848
634,30,0.7222951343527272,0.6646707347977792
635,50,0.7222951343527272,1.4643329684714292
635,40,0.7222951343527272,0.9644724475248893
635,30,0.7222951343527272,0.6644481763887051
636,50,0.7222951343527272,1.4643329684714292
636,40,0.7222951343527272,0.9644724475248893
636,30,0.7222951343527272,0.6644481763887051
637,50,0.7222951343527272,1.4643444964119745
637,40,0.7222951343527272,0.9644724475248893
637,30,0.7222951343527272,0.6644481763887051
638,50,0.7222951343527272,1.46514519621922
638,40,0.7222951343527272,0.9644724475248893
638,30,0.7222951343527272,0.6645172464799917
639,50,0.7222951343527272,1.46514519621922
639,40,0.7222951343527272,0.9644724475248893
639,30,0.7222951343527272,0.6645172464799917
640,50,0.7222951343527272,1.4673587933002847
640,40,0.7222951343527272,0.9644724475248893
640,30,0.7222951343527272,0.6645172464799917
641,50,0.7222951343527272,1.4411235201539117
641,40,0.7222951343527272,1.100738428560193
641,30,0.7222951343527272,0.6167155393019614
642,50,0.7222951343527272,1.4411235201539117
642,40,0.7222951343527272,1.100738428560193
642,30,0.7222951343527272,0.6167155393019614
643,50,0.7222951343527272,1.446319093269458
643,40,0.7222951343527272,1.10084469525258
643,30,0.7222951343527272,0.617222788106719
644,50,0.7222951343527272,1.446319093269458
644,40,0.7222951343527272,1.10084469525258
644,30,0.7222951343527272,0.617222788106719
645,50,0.7222951343527272,1.441799532916664
645,40,0.7222951343527272,1.1000416703794698
645,30,0.7222951343527272,0.6173661489784364
646,50,0.7222951343527272,1.441799532916664
646,40,0.7222951343527272,1.1000416703794698
646,30,0.7222951343527272,0.6173661489784364
647,50,0.7222951343527272,1.4417975870451223
647,40,0.7222951343527272,1.1000416703794698
647,30,0.7222951343527272,0.6173661489784364
648,50,0.7222951343527272,1.4417975870451223
648,40,0.7222951343527272,1.1000416703794698
648,30,0.7222951343527272,0.6173661489784364
649,50,0.7222951343527272,1.4417975870451223
649,40,0.7222951343527272,1.1000416703794698
649,30,0.7222951343527272,0.6173661489784364
650,50,0.7222951343527272,1.460182880022995
650,40,0.7222951343527272,1.1003232949903798
650,30,0.7222951343527272,0.6173661489784364
651,50,0.7222951343527272,0.41128175059933697
651,40,0.7222951343527272,1.185172976414573
651,30,0.7222951343527272,-0.6063779319885954
652,50,0.7222951343527272,0.41128175059933697
652,40,0.7222951343527272,1.185172976414573
652,30,0.7222951343527272,-0.6063779319885954
653,50,0.7222951343527272,0.41128175059933697
653,40,0.7222951343527272,1.185172976414573
653,30,0.7222951343527272,-0.6063779319885954
654,50,0.7222951343527272,0.41128175059933697
654,40,0.7222951343527272,1.185172976414573
654,30,0.7222951343527272,-0.6063779319885954
655,50,0.7222951343527272,0.4161099302026451
655,40,0.7222951343527272,1.2091780401029952
655,30,0.7222951343527272,-0.6053487562711937
656,50,0.7222951343527272,0.43041821567255084
656,40,0.7222951343527272,1.1444166015687285
656,30,0.7222951343527272,0.5851431871371803
657,50,0.7222951343527272,0.4374672961246598
657,40,0.7222951343527272,1.1520212803318497
657,30,0.7222951343527272,-0.600971471981466
658,50,0.7222951343527272,0.4374672961246598
658,40,0.7222951343527272,1.1520212803318497
658,30,0.7222951343527272,-0.600971471981466
659,50,0.7222951343527272,0.4374672961246598
659,40,0.7222951343527272,1.1520212803318497
659,30,0.7222951343527272,-0.600971471981466
660,50,0.7222951343527272,0.4364009099511046
660,40,0.7222951343527272,1.150543363209801
660,30,0.7222951343527272,-0.6008978214377652
661,50,0.7222951343527272,0.4364009099511046
661,40,0.7222951343527272,1.150543363209801
661,30,0.7222951343527272,-0.6008978214377652
662,50,0.7222951343527272,1.4746608362696965
662,40,0.7222951343527272,0.9443955274832888
662,30,0.7222951343527272,-0.1802729203065802
663,50,0.7222951343527272,1.4746608362696965
663,40,0.7222951343527272,0.9443955274832888
663,30,0.7222951343527272,-0.1802729203065802
664,50,0.7222951343527272,1.4857191959717997
664,40,0.7222951343527272,0.9443955274832888
664,30,0.7222951343527272,-0.1802729203065802
665,50,0.7222951343527272,1.3550931918113522
665,40,0.7222951343527272,1.1810665766154456
665,30,0.7222951343527272,-0.3688190796001187
666,50,0.7222951343527272,1.3550931918113522
666,40,0.7222951343527272,1.1811116534068422
666,30,0.7222951343527272,-0.3688190796001187
667,50,0.7222951343527272,1.3550931918113522
667,40,0.7222951343527272,1.1811116534068422
667,30,0.7222951343527272,-0.3688190796001187
668,50,0.7222951343527272,1.3550931918113522
668,40,0.7222951343527272,1.1811116534068422
668,30,0.7222951343527272,-0.3688190796001187
669,50,0.7222951343527272,1.3550931918113522
669,40,0.7222951343527272,1.1811116534068422
669,30,0.7222951343527272,-0.3688190796001187
670,50,0.7222951343527272,1.4681406539982917
670,40,0.7222951343527272,1.1811116534068422
670,30,0.7222951343527272,-0.3688190796001187
